categoria,codigo,nombre,descripcion
EC,CAMIPC2,"IMOU CUE IPC-C22EP",""
EC,CAMBUL2,"IMOU BULLET-2C IPC-F22P-0280B",""
EC,CAMRAN2,"IMOU RANGER IPC-TA22CP-B",""
EC,ALAMCR1,"IMOU ALARMA CONTROL REMOTO",""
EC,ALAP311,"IMOU ALARMA PUERTA ARD311-SW",""
EC,ALASEN1,"IMOU ALARMA SENSOR MOVIMIENTO",""
EC,ALASI10,"IMOU ALARMA SIRENA ARA10-SW",""
EC,ALA200E,"IMOU ESTACION ALARMA ARC2000E",""
EC,DECOHD,"Pack Deco HD",""
EC,I020136,"ONU EPON WK2802 - WIFI/TV C/L IMPORTADO","ART-GO - C/LOGO"
EC,N020136,"ONU EPON WK2802- WIFI/TV C/L NACIONAL","ART-GO - C/LOGO"
EC,I020169,"SET TOP BOX DVBCHD008-H265-ERI IMPORTADO","WIFI - DONGLE - ART-GO"
EC,N020169,"SET TOP BOX DVBCHD008-H265-ERI  NACIONAL","WIFI - DONGLE - ART-GO"
EC,N020098,"TARJETAS SMART ART-GO NACIONAL",""
EC,I020098,"TARJETAS SMART ART-GO IMPORTADO",""
EC,I040322,"BOTELLA/DOMO EMPALME 12 PELOS IMPORTADO",""
EC,N040322,"BOTELLA/DOMO EMPALME 12 PELOS NACIONAL",""
EC,N040090,"BOTELLA/DOMO EMPALME 144 PELOS NACIONAL",""
EC,I040090,"BOTELLA/DOMO EMPALME 144 PELOS IMPORTADO",""
EC,I040087,"BOTELLA/DOMO EMPALME 24 PELOS IMPORTADO",""
EC,N040087,"BOTELLA/DOMO EMPALME 24 PELOS NACIONAL",""
EC,N040088,"BOTELLA/DOMO EMPALME 48 PELOS NACIONAL",""
EC,I040088,"BOTELLA/DOMO EMPALME 48 PELOS IMPORTADO",""
EC,N020155,"ACCESS POINT EAP380-E DCN NACIONAL",""
EC,I010233,"PANEL WIFI WL8200-I2-R2 IMPORTADO","INDOOR - DCN"
EC,N010233,"PANEL WIFI WL8200-I2-R2 NACIONAL","INDOOR"
EC,I010234,"PANEL WIFI WL8200-IT3 IMPORTADO","OUTDOOR - DCN"
EC,N010234,"PANEL WIFI WL8200-IT3 NACIONAL","OUTDOOR"
EC,I020209,"ONU EPON WK3802CW - WIFI/TV IMPORTADO","ART-GO - S/LOGO"
EC,I020193,"ONU EPON WK3802CW - WIFI/TV C/L IMPORTADO","ART-GO - C/LOGO"
EC,N020193,"ONU EPON WK3802CW - WIFI/TV C/L NACIONAL","ART-GO - C/LOGO"
EC,N020209,"ONU EPON WK3802CW - WIFI/TV NACIONAL","ART-GO - S/LOGO"
EC,N020114,"ROUTER RB760 5P C/FUENTE NACIONAL",""
EC,I010085,"ROUTER MIKROTICK CRS212 IMPORTADO",""
EC,N010085,"ROUTER MIKROTICK CRS212 NACIONAL",""
EC,N010098,"ROUTER MIKROTIK RB2011UIAS NACIONAL","1 SFP"
EC,I010210,"ROUTER SW CRS317-1G-16S+RM IMPORTADO","MIKROTIK"
EC,N010210,"ROUTER SW CRS317-1G-16S+RM NACIONAL","MIKROTIK"
EC,I010331,"ROUTER CCR-1072 1G-8S+ IMPORTADO","MIKROTIK"
EC,N010331,"ROUTER CCR-1072 1G-8S+ NACIONAL","MIKROTIK"
EC,I010347,"SWITCH 8-PORT-SMART JETSTREAM IMPORTADO",""
EC,N010347,"SWITCH 8-PORT-SMART JETSTREAM NACIONAL",""
EC,N010360,"ROUTER CCR-1036 8G-2S S/CABLE NACIONAL","MIKROTICK"
EC,I010360,"ROUTER CCR-1036 8G-2S S/CABLE IMPORTADO","MIKROTICK"
EC,I010364,"NVD0905DH-4I-4K -DECODIFICADOR IMPORTADO","DAHUA"
EC,N010364,"NVD0905DH-4I-4K -DECODIFICADOR NACIONAL",""
EC,I010377,"PANEL WIFI WL8200-WH2 IMPORTADO","DCN INDOOR"
EC,I010378,"PANEL WIFI WL8200-WH2 IMPORTADO","48V (plug y POE 0.22A) Acceso gigabit por cable e inalámbrico2 p.de enlace ascendente gigabit. Puerto PSE p/alim.	4 puertos de enlace descendente gigabit.	2.4/5 G"
EC,I020041,"ONU EPON TV/WIFI 4 RJ45  KINGTYPE IMPORTADO","KINGTYPE"
EC,N020041,"ONU EPON TV/WIFI 4 RJ45 KINGTYPE NACIONAL","KINGTYPE"
EC,DH-IPC-HFW5442EP-ZE-2712,"Cámaras Fijas","DH-IPC-HFW5442EP-ZE-2712"
EC,DH-SD50232-HC-LA,"Cámaras Domo","DH-SD50232-HC-LA"
EC,PFA121,"Accesorio Cámara Fija 2","PFA121"
EC,DH-PFA150-V2,"Accesorio Cámara Domo","DH-PFA150-V2"
EC,DH MPT220,"Body Cam","DH-MPT220"
EC,I020168,"ONU XPON DUAL BAND 5G IMPORTADO","WK"
EC,N020168,"ONU XPON DUAL BAND 5G NACIONAL",""
EC,N020048,"ONU SOLO WIFI NACIONAL","KINGTYPE"
EC,I020080,"ONU 100 - IMPORT 2801 IMPORTADO","CK WOLK"
EC,N020080,"ONU 100 - IMPORT 2801 SIN WIFI",""
EC,I020082,"ONU EPON WIFI/TV/TEL. IMPORTADO","ART-GO"
EC,N020082,"ONU EPON WIFI/TV/TEL. NACIONAL","ART-GO"
EC,N020095,"ROUTER HAP-LITE S/FUENTE NACIONAL","MIKROTIK"
EC,I020147,"SET TOP BOX THS-9100X -H265 IMPORTADO","ART-GO"
EC,N020147,"SET TOP BOX THS-9100X -H265 NACIONAL",""
EC,I020148,"ONU G/EPON -3801- WIFI IMPORTADO","WK"
EC,N020148,"ONU G/EPON -3801- WIFI NACIONAL","WK"
EC,N020159,"ONU G/EPON -2801 WIFI -1 ANTENA","1 ANTENA -WK"
EC,N020160,"ONU G/EPON -2801 WIFI - 2 ANTENAS","2 ANTENA -WK"
EC,I020161,"SET TOP BOX- DCR-860J-QUAM IMPORTADO","ART-GO"
EC,N020162,"RECEPTOR WELLAV SET TOP BOX NACIONAL",""
EC,I020171,"FUENTE 12 V- 2A P/DOMO WIFIIMPORTADO",""
EC,N020171,"FUENTE 12 V- 2A P/DOMO WIFI NACIONAL",""
EC,N020180,"CABLE MODEM MOTO MB7220 NACIONAL","DOCSIS 3.0"
EC,N020181,"CABLE MODEM MOTO N300-MG7310 NACIONAL","DOCSIS 3.0- ROUTER"
EC,I020185,"SET TOP BOX DVBCHD008-H265 IMPORTADO","WIFI-DONGLE ART-GO"
EC,N020184,"ONU EPON WK2802 - WIFI/TV NACIONAL","ART-GO - C/LOGO"
EC,I020187,"SET TOP BOX IPTV- 16G 2GB IMPORTADO","MUESTRA"
EC,I020189,"SET TOP BOX IPTV- 64G 4GB IMPORTADO","MUESTRA"
EC,I020190,"SET TOP BOX IPTV- 128G 4GB IMPORTADO","MUESTRA"
EC,I020191,"CABLE CAMARA AUTO MC-PF3-B3-4 IMPORTADO",""
EC,N040174,"SOPORTE P/CAMARA - ADAPT. DS-1275ZJ",""
EC,I040174,"SOPORTE P/CAMARA -ADAPT COLUMN IMPORTADO",""
EC,N040189,"CAMARA IP DS-2CD6924F-IS NACIONAL",""
EC,I040189,"CAMARA IP DS-2CD6924F-IS IMPORTADO",""
EC,N040290,"CAMARA IP DOMO DH-SD60230U-HNI NACIONAL",""
EC,I040290,"CAMARA IP DOMO DH-SD60230U-HNI IMPORTADO",""
EC,I040291,"CAMARA IP DH IPC-HFW5830EP-Z IMPORTADO",""
EC,N040291,"CAMARA IP DH IPC-HFW5830EP-Z NACIONAL",""
EC,N040295,"CAMARA IPC-HFW8231EP-Z NACIONAL",""
EC,I040295,"CAMARA IPC-HFW8231EP-Z IMPORTADO",""
EC,N040297,"CAMARA MINI-DOM IP-D1B20PL0280 NACIONAL",""
EC,I040297,"CAMARA MINI-DOM IP-D1B20PL0280 IMPORTADO",""
EC,N040300,"TAPA P/CAMARA 60x40cm NACIONAL",""
EC,I040300,"TAPA P/CAMARA 60x40cm IMPORTADO",""
EC,N040313,"CAMARA MINI P/MOVIL HDBW4231F NACIONAL",""
EC,I040313,"CAMARA MINI P/MOVIL HDBW4231F IMPORTADO",""
EC,I040314,"CAMARA MINI P/MOVIL MBW4431P IMPORTADO",""
EC,N040314,"CAMARA MINI P/MOVIL MBW4431P NACIONAL",""
EC,N040316,"CAMARA BULLET EZ-IPC-B2B40P-ZS NACIONAL",""
EC,I040316,"CAMARA BULLET EZ-IPC-B2B40P-ZS IMPORTADO",""
EC,N040317,"CAMARA BULLET IPC-HFW5831EP-ZE NACIONAL",""
EC,I040317,"CAMARA BULLET IPC-HFW5831EP-ZE IMPORTADO",""
EC,I020192,"NVR AUTODHI-MNVR4104-GFW IMPORTADO","4 CHANNEL- DAHUA"
EC,N020192,"NVR AUTODHI-MNVR4104-GFW NACIONAL","4 CHANNEL- DAHUA"
EC,I020194,"ONU POE 8 PUERTO - OUTDOOR IMPORTADO","WOLK"
EC,N020194,"ONU POE 8 PUERTO - OUTDOOR NACIONAL","WOLK"
EC,I020204,"ONU XPON DCEG162-C-300 SINGLE BAND IMPORTADO","DCN 2ANT.2RJ45"
EC,N020204,"ONU XPON DCEG162-C-300 SINGLE BAND NACIONAL","DCN 2ANT.2RJ45"
EC,N020205,"ONU XPON DCEG164-VC1200 1-USB DUAL BAND NACIONAL","DCN 4-ANT4-RJ45"
EC,I020205,"ONU XPON DCEG164-VC1200 1-USB DUAL BANDIMPORTADO","DCN 4-ANT4-RJ45"
EC,N040319,"CAMARA DOMO PTZ DH-SD50230U NACIONAL",""
EC,I040319,"CAMARA DOMO PTZ DH-SD50230U IMPORTADO",""
EC,I040321,"CAMARA DOMO WIFI HDBW1435EP IMPORTADO",""
EC,N040331,"CAMARA DOMO PTZ DH-SD8A840WA NACIONAL",""
EC,I040331,"CAMARA DOMO PTZ DH-SD8A840WA IMPORTADO",""
EC,N040332,"CAMARA DOMO PTZ DH-SD6AL445XA NACIONAL",""
EC,I040332,"CAMARA DOMO PTZ DH-SD6AL445XA IMPORTADO",""
EC,N040334,"CAMARA BULLET IPC-HFW5442E-ZE NACIONAL",""
EC,I040334,"CAMARA BULLET IPC-HFW5442E-ZE IMPORTADO",""
EC,N040340,"SOPORTE CAMARA CALLE x2mts NACIONAL",""
EC,N040341,"SOPORTE CAMARA CALLE x3mts NACIONAL",""
EC,N040356,"SOPORTE CAMARA CALLE x1mts NACIONAL",""
EC,N060071,"DHI-NKB1000 KEYBOARD P/CAMARAS NACIONAL",""
EC,I060071,"DHI-NKB1000 KEYBOARD P/CAMARAS IMPORTADO",""
EC,N060075,"CAMARA WEBCAM CMSXJ22A NACIONAL",""
EC,I060075,"CAMARA WEBCAM CMSXJ22A IMPORTADO",""
EC,N040321,"CAMARA DOMO WIFI HDBW1435EP NACIONAL",""
EC,020152,"ONU EPON WK- WIFI/TV - PROVIDERS IMPORTADO","LOGO PROVIDERS"
EC,N040171,"NVR DS-7104NI-SL NACIONAL","P/CAMARA CCTV"
EC,N040191,"NVR DS - 7608 NI-K2/8P NACIONAL",""
EC,N040315,"NVR - MNVR1104-GFW P/MOVIL NACIONAL",""
EC,I040335,"CAM BULET DHI-ITC431-RW1F-IRL8","DAHUA"
EC,N040335,"CAM BULET DHI-ITC431-RW1F-IRL8 NACIONAL","DAHUA"
EC,I040336,"CAM BULET IPC-HFW7442HP-ZFR IMPORTADO","DAHUA"
EC,N040336,"CAM BULET IPC-HFW7442HP-ZFR NACIONAL","DAHUA"
EC,N020152,"ONU EPON WK- WIFI/TV - PROVIDERS NACIONAL","LOGO PROVIDERS"
EC,N060072,"DHI-NKB-5000-F KEYBOARD P/CAM. NACIONAL","JOYSTICK - DAHUA"
EC,I060072,"DHI-NKB-5000-F KEYBOARD P/CAM. IMPORTADO","JOYSTICK - DAHUA"
EC,I060074,"CONTROL ACCESO DHI-ASI7213X-T1 IMPORTADO","DAHUA"
EC,N060074,"CONTROL ACCESO DHI-ASI7213X-T1 NACIONAL","DAHUA"
EC,I060079,"LCD DHI-LS490UCM-EF 49' IMPORTADO","DAHUA"
EC,N060079,"LCD DHI-LS490UCM-EF 49' NACIONAL","DAHUA"
EC,N060080,"SOPORTE P/LCD DHI-LS490UC-EF-Y NACIONAL","DAHUA"
EC,I060080,"SOPORTE P/LCD DHI-LS490UC-EF-Y IMPORTADO","DAHUA"
EC,I060081,"SOPORTE PISO LCD DHI-LS490UC-EF-YD1000 IMPORTADO","DAHUA"
EC,N060081,"SOPORTE PISO LCD DHI-LS490UC-EF-YD1000 NACIONAL","DAHUA"
EC,I060092,"LCD DHI-LS460UCM-EF -46' IMPORTADO","DAHUA"
EC,N060092,"LCD DHI-LS460UCM-EF -46' NACIONAL","DAHUA"
EC,I060102,"CONTROL ACCE. DHI-ASI7213Y-V3 IMPORTADO","DAHUA- T1P"
EC,N060102,"CONTROL ACCE. DHI-ASI7213Y-V3 NACIONAL","DAHUA- T1P"
EC,N060103,"CONTROL ACCE. DHI-ASI3213G-MW NACIONAL","DAHUA"
EC,I060103,"CONTROL ACCE. DHI-ASI3213G-MW IMPORTADO","DAHUA"
EC,N080051,"SENSOR DE MOVIMIENTO 180º NACIONAL",""
EC,N080059,"IMOU BULLET IPC-G26EP-0208B NACIONAL",""
EC,N080061,"CAM THERMAL BLACKBODY DHTPCHBB NACIONAL","DAHUA"
EC,N080062,"CAM IR-BULLET IPCHFW3241TP-ZS NACIONAL","DAHUA"
EC,N080063,"CAM THERMAL TPC-BF2221-HTM NACIONAL","DAHUA"
EC,N080064,"CAM DOMO PTZ-SDTS-A404VA-2F NACIONAL","DAHUA"
EC,N080067,"CAM ALL-IN-ONE ANPR-CP20-RU1A NACIONAL","DAHUA"
EC,N080069,"NVR MNVR8208-GFWI NACIONAL","DAHUA"
EC,I080059,"IMOU BULLET IPC-G26EP-0208B IMPORTADO",""
EC,I080061,"CAM THERMAL BLACKBODY DHTPCHBB IMPORTADO","DAHUA"
EC,I080062,"CAM IR-BULLET IPCHFW3241TP-ZS IMPORTADO","DAHUA"
EC,I080063,"CAM THERMAL TPC-BF2221-HTM IMPORTADO","DAHUA"
EC,I080064,"CAM DOMO PTZ-SDTS-A404VA-2F IMPORTADO","DAHUA"
EC,I080067,"CAM ALL-IN-ONE ANPR-CP20-RU1A IMPORTADO","DAHUA"
EC,I080069,"NVR MNVR8208-GFWI IMPORTADO","DAHUA"
EC,N060068,"CABLE HDMI P/STB ART-GO NACIONAL",""
EC,I040357,"CAM MINI-DOM IPC-HDBW3441RPZAS IMPORTADO","DAHUA"
EC,N040357,"CAM MINI-DOM IPC-HDBW3441RPZAS NACIONAL","DAHUA"
EC,I040358,"CAM DOMO PTZ DH-SD49225XA-HNR IMPORTADO","S2 - DAHUA"
EC,N040358,"CAM DOMO PTZ DH-SD49225XA-HNR NACIONAL","S2 - DAHUA"
EC,N040359,"CAM DOMO PTZ DH-SD6CE445XA-HNR NACIONAL","AS-PV- DAHUA"
EC,I040359,"CAM DOMO PTZ DH-SD6CE445XA-HNR IMPORTADO","AS-PV- DAHUA"
EC,I040360,"CAM MINI-DOM DH-IPC-HDW3449HP TIOC IMPORTADO","IRLZF1050-B DAHUA"
EC,N040360,"CAM MINI-DOM DH-IPC-HDW3449HP TIOC NACIONAL","IRLZF1050-B DAHUA"
EC,I040361,"CAM. BULLET DHI-ITC237-PW6M IMPORTADO","IRLZF1050-B DAHUA"
EC,N040361,"CAM. BULLET DHI-ITC237-PW6M NACIONAL","IRLZF1050-B DAHUA"
EC,I040362,"CAM MINI-DOM IPC-HDBW3441RP-ZS IMPORTADO","DAHUA"
EC,N040362,"CAM MINI-DOM IPC-HDBW3441RP-ZS NACIONAL","DAHUA"
EC,N040363,"CAM MINI-DOM DH-IPC-HDBW5241FP NACIONAL","DAHUA"
EC,I040363,"CAM MINI-DOM DH-IPC-HDBW5241FP","DAHUA"
EC,N040364,"CAM MINI-DOM DH-IPC-HDBW3241RP-ZA S NACIONAL","ZAS - DAHUA"
EC,I040364,"CAM MINI-DOM DH-IPC-HDBW3241RP-ZA S IMPORTADO","ZAS - DAHUA"
EC,N040365,"CAM MINI-DOM DH-IPC-HDBW3241RP-ZS NACIONAL","ZS - DAHUA"
EC,I040365,"CAM MINI-DOM DH-IPC-HDBW3241RP-ZS IMPORTADO","ZS - DAHUA"
EC,I040366,"CAM MINI-DOM IPC-HDBW3441 EPAS IMPORTADO","0280B DAHUA"
EC,N040366,"CAM MINI-DOM IPC-HDBW3441 EPAS NACIONAL","0280D DAHUA"
EC,I040367,"CAM BULLET IPC-HFW3241EP-AS IMPORTADO","DAHUA"
EC,N040367,"CAM BULLET IPC-HFW3241EP-AS NACIONAL","DAHUA"
EC,N040368,"CAM BULLET IPC-HFW3441EP-AS  NACIONAL","DAHUA"
EC,I040368,"CAM BULLET IPC-HFW3441EP-AS IMPORTADO","DAHUA"
EC,I040369,"CAM BULLET IPC-HFW3241TP-ZS IMPORTADO","DAHUA"
EC,N040369,"CAM BULLET IPC-HFW3241TP-ZS  NACIONAL","DAHUA"
EC,I040370,"CAM BULLET IPC-HFW3441TP-ZAS IMPORTADO","DAHUA"
EC,N040370,"CAM BULLET IPC-HFW3441TP-ZAS NACIONAL","DAHUA"
EC,N040371,"CAM BULLET IPC-HFW2431TP-ZAS NACIONAL","DAHUA"
EC,I040371,"CAM BULLET IPC-HFW2431TP-ZAS IMPORTADO","DAHUA"
EC,I040372,"CAM BULLET IPC-HFW3241TP-ZAS IMPORTADO","DAHUA"
EC,N040372,"CAM BULLET IPC-HFW3241TP-ZAS NACIONAL","DAHUA"
EC,I040373,"CAM BULLET IPC-HFW3441TP-ZS IMPORTADO","DAHUA"
EC,I040374,"CAM BULLET IPC-HFW5241EP-ZE IMPORTADO","DAHUA"
EC,N040374,"CAM BULLET IPC-HFW5241EP-ZE NACIONAL","DAHUA"
EC,N040375,"CAM MINI-DOM IPC-HDBW3241EP-AS NACIONAL","DAHUA"
EC,I040375,"CAM MINI-DOM IPC-HDBW3241EP-AS IMPORTADO","DAHUA"
EC,N040373,"CAM BULLET IPC-HFW3441TP-ZS NACIONAL","DAHUA"
EC,I040376,"SOPORTE CAM. UNIVERSAL.8018 IMPORTADO",""
EC,M040376,"SOPORTE CAM. UNIVERSAL.8018 NACIONAL",""
EC,I020153,"ONU EPON WIFI-TV-TEL  IMPORTADO",""
EC,N020153,"ONU EPON WIFI-TV-TEL NACIONAL",""
EC,I020154,"ONU401 WD- WIFI/TV-EXO IMPORTADO",""
EC,N020154,"ONU401 WD- WIFI/TV-EXO  NACIONAL",""
EC,I040089,"BOTELLA/DOMO EMPALME 96 PELOS IMPORTADO",""
EC,N040089,"BOTELLA/DOMO EMPALME 96 PELOS NACIONAL",""
EC,I020211,"SET TOP BOX - ART-GO - ATLANTES","STB- ART-GO "
EC,N020211,"SET TOP BOX - ART-GO - ATLANTES","STB- ART-GO - Nacional"
EC,I080087,"GRAB. DHI-DAE-MXVR4104/4204-GFWI IMPORTADO"," DAHUA - MOBILE RECORDER"
EC,I080090,"CAM. DH-HAC-HDBW2241-FP-M-A-0280B"," DAHUA - MOBILE HAC"
EC,I080091,"CAM. DH-HAC-HDBW3200FP-M-0280B-S5"," DAHUA - MOBILE HAC"
EC,N080087,"GRAB. DHI-DAE-MXVR4104/4204-GFWI NACIONAL"," DAHUA - MOBILE RECORDER"
EC,N080090,"CAM. DH-HAC-HDBW2241-FP-M-A-0280B NACIONAL"," DAHUA - MOBILE HAC"
EC,N080091,"CAM. DH-HAC-HDBW3200FP-M-0280B-S5 NACIONAL"," DAHUA - MOBILE HAC"
EC,N020161,"SET TOP BOX- DCR-860J-QUAM NACIONAL","ART-GO"
EC,N040144,"ROUTER RB3011 UAIS-RM","MIKROTICK"
EC,N020103,"ONU EPON WK2802- WIFI/TV S/L NACIONAL","ART-GO - S/LOGO"
EC,I020103,"ONU EPON WK2802 - WIFI/TV S/L IMPORTADO","ART-GO - S/LOGO"
EC,N040379,"ADAPTADOR P/COLUMNA 100x100x44 (CAM. DOMO)",""
EC,N020014,"CABLE MODEM DOCSIS 3.0 NACIONAL","Modelo DPC3825"
EC,DHI-ITC431-RW1F-IRL8,"Cámara Bullet ","LPR - DHI-ITC431-RW1F-IRL8"
EC,Deco,"Decodificador Video Wall","Dahua"
EC,N040380,"SOPORTE CORTO P/CAMARA CALLE - 100x100x22",""
EC,N040381,"SOPORTE CORTO P/CAMARA CALLE - 100x100x44",""
EC,router,"ROUTER MW301R MERCUSYS 300MB","2 ANTENAS"
EC,CONTROLTCC,"CONTROL REMOTO TCC",""
EC,N010377,"PANEL WIFI WL8200-WH2 NACIONAL","DCN INDOOR"
EC,N010378,"PANEL WIFI WL8200-WH2 NACIONAL","48V (plug y POE 0.22A) Acceso gigabit por cable e inalámbrico2 p.de enlace ascendente gigabit. Puerto PSE p/alim. 4 puertos de enlace descendente gigabit. 2.4/5 G"
EC,N040382,"SOPORTE CORTO P/CAMARA CALLE - 100x100x36 NACIONAL",""
EC,N020195,"FUENTE 12V-1A STB ATLANTES NACIONAL","ATLANTES"
EC,I020195,"FUENTE 12V-1A STB ATLANTES IMPORTADO","ATLANTES"
EC,I020196,"CABLE HDMI STB ATLANTES IMPORTADO","ATLANTES"
EC,N020196,"CABLE HDMI STB ATLANTES NACIONAL","ATLANTES"
EC,N020197,"CONTROL REMOTO STB ATLANTES NACIONAL","ATLANTES"
EC,I020197,"CONTROL REMOTO STB ATLANTES IMPORTADO","ATLANTES"
EC,N010411,"SFP GPON OLT CLASS C++ - DCN NACIONAL",""
EC,N040400,"SOPORTE CORTO P/CAMARA CALLE EN T - 100x100/45x50",""
EC,N010418,"DECO MOTOROLA DSR-4460",""
EC,N020299,"WL8200-WL2- AP WIFI IN -WALL - DCN- NACIONAL",""
EC,N010419,"DECO CISCO D9859 9854",""
EC,N020198,"CONTROL REMOTO STB VARIOS","RECUPERADOS"
EC,N010421,"FIREWALL DCFW 1800E N6008 - DCN",""
EC,N040173,"SOPORTE PARED P/CAMARA - DS-1602ZJ - HIKVISION",""
EC,I010423,"SERVIDOR DCN S423G3 XEON GOLD 2TB RAM IMPORTADO",""
EC,N010423,"SERVIDOR DCN S423G3 XEON GOLD 2TB RAM NACIONAL",""
EC,090302,"IMPRESORA LASER P2500w c/WIFI",""
EC,IPCZAS,"IPC-HDBW3441RP-ZAS",""
EC,IPCZASS,"IPC-HFW3441T-ZAS",""
EC,N040217,"BOTELLA/DOMO EMPALME 512 PELOS NACIONAL",""
EC,N040408,"CAMARA MINI-DOM IPC-D2B20-ZS NACIONAL",""
EC,N020188,"SET TOP BOX IPTV- 32G 4GB NACIONAL",""
EC,I020188,"SET TOP BOX IPTV- 32G 4GB IMPORTADO",""
EC,ITC,"CAMARA MODELO ITC 431",""
EC,010411,"SFP GPON OLT CLASS C++ - DCN IMPORTADO",""
EC,N060063,"CAMARA WEB FULL HD 1080P NACIONAL",""
EC,100055,"ONU con wifi Huawei EchoLife EG8145V5",""
EC,100059,"Placa De Red Wifi marca Tp-link modelo Tl-wn881nd",""
EC,100102,"GRAB. DHI-DAE-MXVR4104/4204-GFWI IMPORTADO",""
EC,100104,"CAM. DH-HAC-HDBW2241-FP-M-A-0280B",""
EC,100105,"CAM. DH-HAC-HDBW3200FP-M-0280B-S5",""
EC,N010182,"ROUTER CCR-1036 12G-4S",""
EC,100146,"XPON ONU 1GE+WIFI ONU bridge/router V2801RGW 300Mbps 2 External Antenna","XPON ONU 1GE+WIFI ONU bridge/router V2801RGW 300Mbps 2 External Antenna"
EC,N010183 ,"ROUTER SWITCH CRS 112 8G- 4S C/FUENTE - MIKROTIK",""
EC,100148,"CAM. DH-IPC-HDBW3231FP-M-DAE-0280B CONEC.6 PIN","CAM. DH-IPC-HDBW3231FP-M-DAE-0280B CONEC.6 PIN"
EC,N010507,"ROUTER CCR1009-7G-1C-1S+",""
EC,N020403,"CONTROL REMOTO QUAM",""
EC,N020408,"FILTRO PARA CABLE MODEM + TV FHP-H50A",""
EC,N020413,"ONU ASKEY RTV9015VW",""
EC,N020144,"ONU EXO 100G",""
EC,N020145,"ONU HUAWEI HG532S",""
EC,N020414,"ONU KINGTIPE PN",""
EC,N020415,"ONU MITRASTAR DSL-240 HN-T1C",""
EC,N020416,"ONU ZYXEL VMG1312-B10B",""
EC,N020057,"CABLE MODEM DOCSIS 3.0 NETGEAR CG3000D","NETGEAR CG3000D"
EC,N020163,"CABLE MODEM DOCSIS 3.0 MOTO SBG6580","MOTO SBG6580"
EC,N020417,"ONU FD-HG8410C - FULLDOMUS",""
EC,I080071,"PANTALLA SMART INTERACTIVE - LCH75-MC410 -IMPORTADO","DAHUA"
EC,N080071,"PANTALLA SMART INTERACTIVE - LCH75-MC410 -NACIONAL","DAHUA"
EC,N040509,"CAM BULLET IPC-HFW3449T1P-AS-TIOC",""
EC,SERVICIO ALARMA Y MONITOREO,"ALARMA CONTROL REMOTO","SERVICIO ALARMAS OFICINA ZUVIRIA 680 "
EC,N020430,"ONU ART-GO SINGLE BAND-WOLCK",""
EC,N020431,"ONU ART-GO DUAL BAND-WOLCK",""
EC,N020432,"ONU EPON KINGTYPE PNC04V",""
EC,N010683,"CONTROL REMOTO DECOS SATELITAL",""
EC,N010690,"Intercomunicador DHI-VTT201",""
EC,N010692,"ROUTER RB1200",""
EC,N060223,"TELEFONO FIJO",""
EC,N020438,"ROUTER ENCORE 4PUERTO",""
EC,N010695,"DHI-ITASD-020RA - DETECTOR LUZ DE TRAFICO",""
EC,N040513,"CAM DHI-ITC952-AU3F-IRL8F1640 - FOTOMULTA",""
EC,N010174,"ROUTER CRS328-24P-4S +RM",""
EC,N080904,"CAM MINI DOMO IPC HDBW3241FP-M-DAE",""
EC,N080905,"CAM. BULLET ANPR-ITC215-PW6W",""
EC,N080906,"DAE CDM5110-CYP CAMARA CONDUCTOR",""
EC,N080907,"DAE-CFM5210-CYP CAMARA MONITOREO FRONTAL",""
EC,N080910,"KIT ALARMA SEGURIDAD ART ARC3000H-03",""
EC,N080911,"KIT VIDEO INTERCOM DHI-KTP01 (F)",""
EC,N080914,"MD02 PANTALLA ALARMA P/CONDUCTOR",""
EC,N080915,"MEC-W320 CAMARA DE CASCO ",""
EC,N080916,"DHI-VTH5341G-W MONITOR INDOOR ",""
EC,N062244,"HDMI EXTENSOR 60 MTS",""
EC,N020464,"ROUTER DOMICILIARIO VARIOS",""
EC,N062248,"SOPORTE P/LCD DHI-LS460UC-EF-Y","IMPORTADO"
EC,N062249,"SOPORTE PISO LCD DHI-LS490UC-EF-YD1000","IMPORTADO"
EC,N020480,"Cable Modem Arris DG2460A",""
EC,N020481,"Cable Modem Arris DG860P2 ",""
EC,N020482,"Cable Modem Arris TG1682G",""
EC,N020483,"Cable Modem Arris TG2482A ",""
EC,N020485,"ONU FD-HG8410C - FULLDOMUS ",""
EC,N020486,"Cable Modem Hiltron CGNV2",""
EC,N020487,"ONT S/RF Huawei EG8141A5 ",""
EC,N020488,"ONT S/RF Huawei EG8141H5",""
EC,N020489,"ONT C/RF Huawei EG8143A5",""
EC,N020484,"Cable Modem Arris TG862A ",""
EC,N020490,"ONT C/RF Huawei HG8247H ",""
EC,N020491,"ONT S/RF Huawei HG8245H5",""
EC,N020492,"ONT  S/RF Huawei HG8245H5",""
EC,N020494,"ONT C/RF Huawei HG8247H5",""
EC,N020493,"ONT C/RF Huawei HG8247H",""
EC,N020495,"ONT S/RF Icon IC405WSG",""
EC,N020496,"ONT Icon IC455WDB ",""
EC,N020497,"Cable Modem Pace Docsis D5001 ",""
EC,N020498,"Cable Modem Thomson DCW775AR ",""
EC,N020499,"ONT PACHCOM Vector4 HG8546M",""
EC,N080999,"CAMARAS DE SEGURIDAD",""
EC,N081010,"CINTA MESH",""
EC,N010719,"DCN CS6200-28X-EI(R2) SWITCH","10G L3 Switch (20*10/100/1000Base-T + 4* GbE Combo (SFP/RJ45)  + 4*10GbE(SFP+)) ,  Default with fixed redundant AC+AC Power"
EC,N010720,"DCN CS6200X-24T6X-EI SWITCH","10G L3 Switch (24*10/100/1000Base-T + 6*10GbE(SFP+)) ,Default with 1 modular AC Power and 1 optional AC Power M6200X-AC-60 for 1+1 redundancy (not support other power"
EC,I010719,"DCN CS6200-28X-EI(R2) SWITCH","10G L3 Switch (20*10/100/1000Base-T + 4* GbE Combo (SFP/RJ45)  + 4*10GbE(SFP+)) ,  Default with fixed redundant AC+AC Power"
EC,I010720,"DCN CS6200X-24T6X-EI SWITCH","10G L3 Switch (24*10/100/1000Base-T + 6*10GbE(SFP+)) ,Default with 1 modular AC Power and 1 optional AC Power M6200X-AC-60 for 1+1 redundancy (not support other power"
EC,I010721,"DCN CS6200-8G24S2Q-EI (R2) SWITCH","40G advanced L3 Switch (8*10/100/1000Base-T  + 24*10GbE(SFP+)  + 2*40GbE(QSFP), Redundant fixed AC + DC48V Power,3 fixed Auto-adjusted fan units."
EC,I010722,"DCN S5750E-28X-SI(R2) SWITCH","L3  10G/Gigabit Access Switch (24*10/100/1000Base-T + 4*10GbE (SFP+)),   AC power, Stacking"
EC,I010723,"DCN S4200-28P-PL-SI(R2) SWITCH","L2 PoE Full Gigabit Access Switch(24*10/100/1000Base-T + 4* Gigabit SFP), AC power,  PoE af/at, 200W PoE power"
EC,I010724,"DCN DCWS-6028-C ACESS CONTROLLER","DCN Intelligent Access Controller (default with 16 units AP license, support controlling max.256 units AP, support N+1, N+N redundancy), 24*10/100/1000MBase-T ports, 2*GbE"
EC,I010725,"DCN WL8200-X10 INDOOR AP","DCN new generation wifi6 indoor AP, tri-band and total 14 spatial streams  , IEEE 802.11a/b/g/n/ac/ax supported (2.4GHz 4*4, first 5GHz 8*8 and second 5GHz 2*2, fat/fit, default no power"
EC,I010726,"DCN WL8200-X4 INDOOR AP","DCN new generation wifi6 indoor AP, dual-band and total 6 spatial streams  , IEEE 802.11a/b/g/n/ac/ax supported (2.4GHz 2*2 and 5GHz 4*4, fat/fit, default no power adapter),  could be"
EC,I010727,"DCN WL8200-X2(R2) INDOOR AP - WIFI 6","DCN new generation wifi6 indoor AP, dual-band and total 4 spatial streams, IEEE 802.11a/b/g/n/ac/ax supported (2.4GHz 2*2 and 5GHz 2*2, fat/fit, default no power adapter),  BLE, could be"
EC,I010728,"DCN WL8200-XW4 INDOOR AP -WIFI 6","DCN new generation wifi6 in-wall AP, dual-band and total 4 spatial streams, IEEE 802.11a/b/g/n/ac/ax supported (2.4GHz 2*2 and 5GHz 2*2, fat/fit, Support 4 ports 100M/1000M Base-T"
EC,N081033,"CAMARA GENERICA FALLADA",""
EC,N020505,"TARJETA SMART CCC",""
EC,N020514,"TARJETA SMART CCC",""
EC,N020515,"CONTROL REMOTO DECO HD",""
EC,N020520,"SET TOP BOX 4K - 6252C - WANG TV - MUESTRA",""
EC,N020524," Ont dual band huawei HG8145V5",""
EC,N020526,"ONT FD-HG8221A S/RF DUAL BAND FULL DOMUS",""
EC,N081129,"CAMARA SUBTERRANEA",""
EC,N081146,"CAMARA WEB P/STREAMING",""
EC,N081166,"CONTROL REMOTO A/A UNIVERSAL",""
EC,N020535,"Extensor red WiFI - TP Link PLC - mod AV600",""
EC,N020536,"ONT FD-HG8420C C/RF DUAL BAND FULL DOMUS",""
EC,N0450414,"TAPA P/CAMARA 110x60cm NACIONAL",""
EC,I010729,"SERVIDOR STORAGE DCN NCS1560-36",""
EC,N020186,"ONU XPON WK3804P - 4PORT",""
EC,N020539,"ONT DUAL BAND HUAWEI EG8041V5 S/RF",""
EC,N020540,"ONT DUAL BAND FD-HG8421C C/RF",""
EC,N062272,"ADAPTADOR MINI WIFI-USB",""
EC,N020149,"CABLE MODEM CISCO DPC3825",""
EC,N020150,"CABLE MODEM CISCO DPC3928",""
EC,N020201,"CABLE MODEM CISCO DPQ3925",""
EC,N020541,"ONT DUAL BAND HISENSE GP604A-CU C/RF",""
EC,I020541,"ONT DUAL BAND HISENSE GP604A-CU C/RF- IMPORTADA","IMPORTADO"
EC,N010766,"MKT ROUTER BOARD 1100AHX4",""
EC,N010768,"DCN WL8200-X2(R2) INDOOR AP - WIFI 6","DCN new generation wifi6 indoor AP, dual-band and total 4 spatial streams, IEEE 802.11a/b/g/n/ac/ax supported (2.4GHz 2*2 and 5GHz 2*2, fat/fit, default no power adapter),  BLE, could be"
EC,N010769,"ROUTER CCR2004 -16G-2S+ NACIONAL",""
EC,N040190,"CAMARA IP MINI BULLET DS-2CD1021-I - HIKVISION",""
EC,N040185,"CAMARA IP BULLET DS-2CD2623G0-IZS - HIKVISION",""
EC,N010721,"DCN CS6200-8G24S2Q-EI (R2) SWITCH","40G advanced L3 Switch (8*10/100/1000Base-T  + 24*10GbE(SFP+)  + 2*40GbE(QSFP), Redundant fixed AC + DC48V Power,3 fixed Auto-adjusted fan units."
EC,N010724,"DCN DCWS-6028-C ACESS CONTROLLER","DCN Intelligent Access Controller (default with 16 units AP license, support controlling max.256 units AP, support N+1, N+N redundancy), 24*10/100/1000MBase-T ports, 2*GbE"
EC,N010723,"DCN S4200-28P-PL-SI(R2) SWITCH","L2 PoE Full Gigabit Access Switch(24*10/100/1000Base-T + 4* Gigabit SFP), AC power,  PoE af/at, 200W PoE power"
EC,N010722,"DCN S5750E-28X-SI(R2) SWITCH","L3  10G/Gigabit Access Switch (24*10/100/1000Base-T + 4*10GbE (SFP+)),   AC power, Stacking"
EC,N010725,"DCN WL8200-X10 INDOOR AP","DCN new generation wifi6 indoor AP, tri-band and total 14 spatial streams  , IEEE 802.11a/b/g/n/ac/ax supported (2.4GHz 4*4, first 5GHz 8*8 and second 5GHz 2*2, fat/fit, default no power"
EC,N010726,"DCN WL8200-X4 INDOOR AP","DCN new generation wifi6 indoor AP, dual-band and total 6 spatial streams  , IEEE 802.11a/b/g/n/ac/ax supported (2.4GHz 2*2 and 5GHz 4*4, fat/fit, default no power adapter),  could be"
EC,N010728,"DCN WL8200-XW4 INDOOR AP -WIFI 6","DCN new generation wifi6 in-wall AP, dual-band and total 4 spatial streams, IEEE 802.11a/b/g/n/ac/ax supported (2.4GHz 2*2 and 5GHz 2*2, fat/fit, Support 4 ports 100M/1000M Base-T"
EC,N010780,"ROUTER CCR-2216 1G 12XS 2XQ",""
EC,N010781,"ROUTER CCR-2116 12G 4S+",""
EC,N010729,"SERVIDOR STORAGE DCN NCS1560-36",""
EC,N010798,"ROUTER TPLINK TL WR840N",""
EC,N020559,"AP WIFI-6 AX1800 1GE POE - OUTDOOR",""
EC,N020560,"ONT FD-P8421C DUAL BAND FULL DOMUS",""
IR,I010169,"OLT EPON 16 P.PON IMPORTADO","SIN  SFP-PON"
IR,N010169,"OLT EPON 16 P.PON NACIONAL","SIN  SFP-PON"
IR,I010125,"EDFA 1623  23DB IMPORTADO","CHINA"
IR,N010125,"EDFA 1623  23DB NACIONAL","CHINA"
IR,I020006,"CONECTOR COMPRESION RG-6 IMPORTADO",""
IR,N020006,"CONECTOR COMPRESION RG-6 NACIONAL",""
IR,N020132,"CONECTOR COMPRESION RG-59",""
IR,I020132,"CONECTOR COMPRESION RG-59 IMPORTADO",""
IR,I010039,"CONECTOR FAST SC/APC IMPORTADO",""
IR,N010039,"CONECTOR FAST SC/APC NACIONAL",""
IR,N010023,"PATCHCORD SC/APC-SC/APC x3mts NACIONAL",""
IR,I010023,"PATCHCORD SC/APC-SC/APC x3mts IMPORTADO",""
IR,I010040,"PATCHCORD LC/PC-LC/PC x3mts IMPORTADO",""
IR,N010040,"PATCHCORD LC/PC-LC/PC x3mts NACIONAL",""
IR,I040122,"HEBILLA 3/4 ACERO INOX. IMPORTADO","Bolsa x 100 unidades "
IR,N040122,"HEBILLA 3/4 ACERO INOX. NACIONAL","Bolsa x 100 unidades"
IR,N020071,"ROSETA x 2 S. c/1 ADAP. SC/APC C/LOGO NACIONAL","C/ADAP SC/APCATR-GO"
IR,I020071,"ROSETA x 2 S. c/1 ADAP. SC/APC C/LOGO IMPORTADO","C/ADAP SC/APC ATR-GO"
IR,I020129,"CABLE COAXIL RG-59 S/PORT. IMPORTADO","BLANCO"
IR,N020129,"CABLE COAXIL RG-59 S/PORT. NACIONAL","BLANCO"
IR,I020001,"CABLE COAXIL RG-6 C/PORT. IMPORTADO",""
IR,N020001,"CABLE COAXIL RG-6 C/PORT. NACIONAL",""
IR,I040063,"FIBRA ADSS 12 PELOS IMPORTADO",""
IR,N040063,"FIBRA ADSS 12 PELOS NACIONAL",""
IR,I040066,"FIBRA ADSS 48 PELOS IMPORTADO",""
IR,N040066,"FIBRA ADSS 48 PELOS NACIONAL",""
IR,I040068,"FIBRA ADSS 72 PELOS IMPORTADO",""
IR,N040068,"FIBRA ADSS 72 PELOS NACIONAL",""
IR,I040132,"FIBRA DROP 1 Pl - NEGRA OUTDOOR IMPORTADO","OUTDOOR"
IR,N040132,"FIBRA DROP 1 Pl - NEGRA OUTDOOR NACIONAL","OUTDOOR"
IR,I040285,"PREF. RETEN. Ø 10 - 10,80 mm IMPORTADO","x49cm - P/F.O."
IR,N040285,"PREF. RETEN. Ø 10 - 10,80 mm NACIONAL","x49 cm - P/F.O."
IR,I040284,"PREF. RETEN. Ø 9,3 - 10,10 mm IMPORTADO","x48cm - P/F.O."
IR,N040284,"PREF. RETEN. Ø 9,3 - 10,10 mm NACIONAL","x48 cm - P/F.O."
IR,I020002,"SPLITER DOMICILIARIO x 2 VIAS IMPORTADO",""
IR,N020002,"SPLITER DOMICILIARIO x 2 VIAS NACIONAL",""
IR,N020003,"SPLITER DOMICILIARIO x 3 VIAS NACIONAL",""
IR,I020003,"SPLITER DOMICILIARIO x 3 VIAS IMPORTADO",""
IR,I040165,"NAP 1:16 + SLOT 1:8 IMPORTADO",""
IR,N040165,"NAP 1:16 + SLOT 1:8 NACIONAL",""
IR,I040226,"FLEJE ACERO INOX. 3/4x0,5 mm IMPORTADO","ROLLO - CAJA x25 mts"
IR,N040226,"FLEJE ACERO INOX. 3/4x0,5mm NACIONAL","ROLLO-CAJAx 25 mts"
IR,I020165,"GRAMPA CLAVO Nº5 P/DROP PLANA IMPORTADO",""
IR,N020165,"GRAMPA CLAVO Nº5 P/DROP PLANA PAQ.X100- NACIONAL",""
IR,I010236,"SWITCH CS6200 28X-EI IMPORTADO","DCN"
IR,N010236,"SWITCH CS6200 28X-EI NACIONAL",""
IR,I010237,"SWITCH CS6200 8G-24S.2Q-EI IMPORTADO","DCN"
IR,N010237,"SWITCH CS6200 8G-24S.2Q-EI NACIONAL",""
IR,N020173,"ACCESS POINT EAP280-E NACIONAL",""
IR,I020173,"ACCESS POINT EAP280-E IMPORTADO","DCN"
IR,I020155,"ACCESS POINT EAP380-E IMPORTADO","DCN"
IR,N010010,"SPLITER ÓPTICO DOBLE VENT.1:16 NACIONAL","PLC-SC/APC"
IR,N010024,"PATCHCORD SC/APC-SC/APC x5mts NACIONAL",""
IR,I010030,"LNB banda C IMPORTADO",""
IR,N010030,"LNB banda C NACIONAL",""
IR,N010034,"SPLITER SATELITAL x 2 NACIONAL",""
IR,N010036,"DIVISOR 8 VIAS C/PASO DE TENSION 8 SALIDA",""
IR,N010037,"CONECTOR .500 a F6 NACIONAL",""
IR,I010038,"PATCHCORD LC/PC-SC/APC x3mts IMPORTADO",""
IR,N010038,"PATCHCORD LC/PC-SC/APC x3mts NACIONAL",""
IR,I010043,"PIGTAIL SC/APC x 2mts IMPORTADO",""
IR,N010043,"PIGTAIL SC/APC x 2mts NACIONAL",""
IR,I010044,"PIGTAIL SC/APC x 1mt IMPORTADO",""
IR,N010044,"PIGTAIL SC/APC x 1mt NACIONAL",""
IR,I010046,"RECEPTOR DE RETORNO 4 ENTRADAS IMPORTADO","OPTICO"
IR,N010046,"RECEPTOR DE RETORNO 4 ENTRADAS NACIONAL","OPTICO"
IR,N010219,"CONECTOR RJ-45 - CAT.5E",""
IR,I010058,"MINI CMTS 3.0 IMPORTADO","DOCSIS"
IR,N010058,"MINI CMTS 3.0 NACIONAL","DOCSIS"
IR,N010065,"CONECTOR FAST SC/UPC NACIONAL","AZULES"
IR,I010065,"CONECTOR FAST SC/UPC IMPORTADO","AZULES"
IR,I010066,"RECEPTOR MODULAR QUAM x 4 S IMPORTADO",""
IR,N010066,"RECEPTOR MODULAR QUAM x 4 SNACIONAL",""
IR,I010067,"EDFA 24 DB -1550- 8P IMPORTADO","EDFA 24 DB -1550- 8P"
IR,N010067,"EDFA 24 DB - 1550- 8P  NACIONAL","EDFA 24 DB -1550- 8P"
IR,I010075,"WDM MULTIPLEX OPTICO 1310/1490 IMPORTADO",""
IR,N010075,"WDM MULTIPLEX OPTICO 1310/1490 NACIONAL",""
IR,I010076,"TRANSMISOR OPTICO 1550 10db IMPORTADO",""
IR,N010076,"TRANSMISOR OPTICO 1550 10db NACIONAL",""
IR,N010079,"SFP - MODULO TRANSEP.1G -20 KM NACIONAL","2 Pelos"
IR,N010084,"MODULADOR IP to ISDB-T NACIONAL","MODEL S833-1"
IR,I010087,"PATCHCORD SC/PC-SC/PC x3mts IMPORTADO",""
IR,N010088,"PATCHCORD FC/PC-SC/PC x3mts NACIONAL",""
IR,I010089,"EDFA 23 DB IMPORTADO","EXO"
IR,N010089,"EDFA 23 DB NACIONAL","EXO"
IR,N010097,"SFP - MODULO TRANSEP.1.25G -40 KM NACIONAL",""
IR,N010100,"PANEL INTEGRADO 16DB NACIONAL","LITE BEAN UBIQUITI"
IR,I010100,"PANEL INTEGRADO 16DB IMPORTADO","LITE BEAN UBIQUITI"
IR,I010102,"PATCHCORD LC/PC-SC/APC x5mts IMPORTADO",""
IR,N010102,"PATCHCORD LC/PC-SC/APC x5mts NACIONAL",""
IR,N010103,"PATCHCORD SC/PC-LC/PC x2mts NACIONAL",""
IR,I010106,"PIGTAIL LC/PC x 1mt IMPORTADO",""
IR,N010106,"PIGTAIL LC/PC x 1mt NACIONAL",""
IR,N010107,"PIGTAIL FC/PC x 1mt NACIONAL",""
IR,I010107,"PIGTAIL FC/PC x 1mt IMPORTADO",""
IR,I010108,"PATCHCORD FC/PC-SC/APC x2mts IMPORTADO",""
IR,N010108,"PATCHCORD FC/PC-SC/APC x2mts NACIONAL",""
IR,I010113,"BANDEJA VENTILADA 19' IMPORTADO","P/RACK"
IR,N010113,"BANDEJA VENTILADA 19' NACIONAL","P/RACK"
IR,I010115,"PANEL x 24 PUERTO CAT-6 IMPORTADO",""
IR,N010115,"PANEL x 24 PUERTO CAT-6 NACIONAL",""
IR,I010116,"PATCHCORD UTP - CAT 6 x 0,5mt IMPORTADO",""
IR,N010116,"PATCHCORD UTP - CAT 6 x 0,5mt NACIONAL",""
IR,N010120,"SFP - MODULO TRANSEP.10G-10 KM NACIONAL","2 Pelos"
IR,I010120,"SFP - MODULO TRANSEP.10G-10 KM IMPORTADO",""
IR,N010123,"SFP - EPON x 20 Km NACIONAL","HISENSE"
IR,I010123,"SFP - EPON x 20 Km IMPORTADO","HISENSE"
IR,I010124,"OLT EPON 8 P.PON IMPORTADO","sin SFP-PON"
IR,N010124,"OLT EPON 8 P.PON NACIONAL","sin SFP-PON"
IR,I010127,"SPLITER OPTICO 1:16 SLOT BOX IMPORTADO","SC/APC"
IR,N010127,"SPLITER OPTICO 1:16 SLOT BOX NACIONAL","SC/APC"
IR,I010130,"PATCHCORD SC/APC-SC/APC x10mts IMPORTADO",""
IR,N010130,"PATCHCORD SC/APC-SC/APC x10mts NACIONAL",""
IR,N010135,"CONECTOR RJ-45 - CAT.6","3 ELEMENTOS"
IR,I010135,"CONECTOR RJ-45 - CAT.6 IMPORTADO","3 ELEMENTOS"
IR,I010139,"ORGANIZADOR 19' FO 72 C/PIGATIL IMPORTADO","PLC SC/APC"
IR,N010139,"ORGANIZADOR 19' FO 72 C/PIGATIL NACIONAL","PLC SC/APC"
IR,N010140,"ORGANIZADOR 19' FO 96 C/PIGATIL NACIONAL","PLC SC/APC"
IR,I010140,"ORGANIZADOR 19' FO 96 C/PIGATIL IMPORTADO","PLC SC/APC"
IR,N010143,"PLACA UBR10-DTCC P/CMTS NACIONAL","CLOCK CMTS"
IR,I010143,"PLACA UBR10-DTCC P/CMTS IMPORTADO","CLOCK CMTS"
IR,N010156,"MEDIA CONVERTER 1550 60Km-1G NACIONAL","10/100/1000TX"
IR,I010156,"MEDIA CONVERTER 1550 60Km-1G IMPORTADO","10/100/1000TX"
IR,I010173,"MODULADOR AGIL x 16 IMPORTADO","WOLCK"
IR,N010173,"MODULADOR AGIL x 16 NACIONAL","WOLCK"
IR,I010179,"ENCODER NDS3542K - MPEG A/V IMPORTADO","DEXING DIGITAL"
IR,N010179,"ENCODER NDS3542K - MPEG A/V",""
IR,N010180,"ENCODER NDS3542L 16 - HDMI",""
IR,I010180,"ENCODER NDS3542L 16 - HDMI IMPORTADO","DEXING DIGITAL"
IR,N010185,"BANDEJA CIEGA 19' x35cm NACIONAL","P/RACK"
IR,I010185,"BANDEJA CIEGA 19' x35cm IMPORTADO","P/RACK"
IR,I010192,"CHAPA DERIVACION PERFOR.300mm IMPORTADO","CH22 - SAMET"
IR,N010192,"CHAPA DERIVACION PERFOR.300mm","CH22 - SAMET"
IR,I010206,"ROCKET PRISM AC-GEN2- 5G C/POE IMPORTADO","UBIQUITI"
IR,N010206,"ROCKET PRISM AC-GEN2- 5G C/POE NACIONAL","UBIQUITI"
IR,I010209,"SFP - EPON x 20 Km- OLT- C.1 IMPORTADO","WK"
IR,N010209,"SFP - EPON x 20 Km- OLT- C.1 NACIONAL","WK"
IR,N010213,"PATCH-PANEL HD 144 Pls NACIONAL",""
IR,I010213,"PATCH-PANEL HD 144 Pls IMPORTADO","CO.NET"
IR,I010215,"PATCH-PANEL MPO/MTP 114/288 pl IMPORTADO","CO.NET"
IR,N010214,"PATCH-PANEL MPO/MTP 114/288 pl NACIONAL",""
IR,I010218,"PATCHCORD SC/APC-LC/APC x1 mt IMPORTADO","CO.NET"
IR,N010218,"PATCHCORD SC/APC-LC/APC x1 mt NACIONAL",""
IR,I010221,"SPLITER ÓPTICO DOBLE VENT.1:2 IMPORTADO","PLC - SC/APC - C.N"
IR,N010221,"SPLITER OPTICO DOBLE VENT.1:2 NACIONAL","PLC - SC/APC "
IR,N010222,"SPLITER ÓPTICO DOBLE VENT.1:8 NACIONAL","PLC - SC/APC "
IR,I010222,"SPLITER ÓPTICO DOBLE VENT.1:8 IMPORTADO","PLC - SC/APC - C.N"
IR,I010223,"SPLITER ÓPTICO DOBLE VENT.2:8 IMPORTADO","PLC - SC/APC - CO.NET"
IR,N010223,"SPLITER ÓPTICO DOBLE VENT.2:8 NACIONAL",""
IR,I010229,"PATCHCORD SC/PC-SC/APC x3mts IMPORTADO",""
IR,N010229,"PATCHCORD SC/PC-SC/APC x3mts NACIONAL",""
IR,I010230,"PATCHCORD SC/PC-SC/PC x0,5 mt IMPORTADO",""
IR,N010230,"PATCHCORD SC/PC-SC/PC x0,5 mt NACIONAL",""
IR,I010231,"PATCHCORD SC/PC-SC/APC x0,5 mts IMPORTADO",""
IR,N010231,"PATCHCORD SC/PC-SC/APC x0,5 mts NACIONAL",""
IR,I010245,"SFP - MODULO TRANSEP.1,25G -80 KM IMPORTADO",""
IR,N010245,"SFP - MODULO TRANSEP.1,25G -80 KM NACIONAL",""
IR,N010247,"CONECTOR DE CURVA 90° - F NACIONAL",""
IR,I010247,"CONECTOR DE CURVA 90° - F IMPORTADO",""
IR,I010256,"SUMADOR 16in1 - TS-5016 IMPORTADO",""
IR,N010256,"SUMADOR 16in1 - TS-5016 NACIONAL",""
IR,I010269,"ORGANIZADOR 19' FO 12P C/ PIGTAIL IMPORTADO",""
IR,N010269,"ORGANIZADOR 19' FO 12 C/PIGATIL NACIONAL",""
IR,I010271,"ANTENA PARRILLA PARABOLICA IMPORTADO",""
IR,N010271,"ANTENA PARRILLA PARABOLICA  NACIONAL",""
IR,I010273,"PATCHCORD LC/UPC-SC/UPC x3mts IMPORTADO",""
IR,N010273,"PATCHCORD LC/UPC-SC/UPC x3mts NACIONAL",""
IR,I010277,"SPLITER DESBALANC. 1:2 - 5/95 IMPORTADO","PLC - SC/APC"
IR,N010277,"SPLITER DESBALANC. 1:2 - 5/95 NACIONAL","PLC - SC/APC"
IR,I010278,"SPLITER DESBALANC. 1:2 - 10/90 IMPORTADO","PLC - SC/APC"
IR,I010279,"SPLITER DESBALANC. 1:2 - 15/85 IMPORTADO","PLC - SC/APC"
IR,I010280,"SPLITER DESBALANC. 1:2 - 20/80 IMPORTADO","PLC - SC/APC"
IR,I010281,"SPLITER DESBALANC. 1:2 - 25/75 IMPORTADO","PLC - SC/APC"
IR,I010282,"SPLITER DESBALANC. 1:2 - 30/70 IMPORTADO","PLC - SC/APC"
IR,I010283,"SPLITER DESBALANC. 1:2 - 35/65 IMPORTADO","PLC - SC/APC"
IR,I010284,"SPLITER DESBALANC. 1:2 - 40/60 IMPORTADO","PLC - SC/APC"
IR,I010285,"SPLITER DESBALANC. 1:2 - 45/55 IMPORTADO","PLC - SC/APC"
IR,N010286,"SPLITER DESBALANC. 1:2 - 50/50 NACIONAL","PLC - SC/APC"
IR,N010287,"SLOT BOX VACIO 1:8 NACIONAL",""
IR,I010287,"SLOT BOX VACIO 1:8 IMPORTADO",""
IR,I010286,"SPLITER DESBALANC. 1:2 - 50/50 IMPORTADO","PLC - SC/APC"
IR,N010285,"SPLITER DESBALANC. 1:2 - 45/55 NACIONAL","PLC - SC/APC"
IR,N010284,"SPLITER DESBALANC. 1:2 - 40/60 NACIONAL","PLC - SC/APC"
IR,N010283,"SPLITER DESBALANC. 1:2 - 35/65 NACIONAL","PLC - SC/APC"
IR,N010282,"SPLITER DESBALANC. 1:2 - 30/70 NACIONAL","PLC - SC/APC"
IR,N010281,"SPLITER DESBALANC. 1:2 - 25/75 NACIONAL","PLC - SC/APC"
IR,N010280,"SPLITER DESBALANC. 1:2 - 20/80 IMPORTADO","PLC - SC/APC"
IR,N010279,"SPLITER DESBALANC. 1:2 - 15/85 NACIONAL","PLC - SC/APC"
IR,N010278,"SPLITER DESBALANC. 1:2 - 10/90 NACIONAL","PLC - SC/APC"
IR,I010289,"SFP - MODULO 1,25G-20KM (x2) IMPORTADO","1310/1330"
IR,I010290,"SFP - MODULO 10G-10KM (x2) IMPORTADO","1270/1330"
IR,I010291,"SFP - MODULO 10G-40KM (X2) IMPORTADO","1270/1330"
IR,N010289,"SFP - MODULO 1,25G-20KM (x2) NACIONAL","1310/1330"
IR,N010290,"SFP - MODULO 10G-10KM (x2) NACIONAL","1270/1330"
IR,N010291,"SFP - MODULO 10G-40KM (X2) NACIONAL","1270/1330"
IR,I010300,"CABLE P/PLACA CMTS x10 CONECT IMPORTADO",""
IR,N010300,"CABLE P/PLACA CMTS x10 CONECT",""
IR,I010315,"ORGANIZ. HORIZONTAL 19' 2U C/TAPA NACIONAL",""
IR,N010315,"ORGANIZ. HORIZONTAL 19' 2U C/TAPA NACIONAL",""
IR,N010317,"SWITCH 48 PUERTO RJ45 POE NACIONAL",""
IR,I010317,"SWITCH 48 PUERTO RJ45 POE IMPORTADO",""
IR,I010334,"OLT GPON 16 P.PON IMPORTADO","SIN  SFP-PON"
IR,N010334,"OLT GPON 16 P.PON NACIONAL","SIN SFP-PON"
IR,I010335,"SFP GPON OLT Tx2488G/Rx1244G C++ - WOLCK","C++ - WK"
IR,N010335,"SFP GPON OLT Tx2488G/Rx1244G C++ - WOLCK","C++ - WK"
IR,I010356,"SFP - MODULO 1,25G-10KM BIFILAR IMPORTADO","1310/1550"
IR,N010356,"SFP - MODULO 1,25G-10KM BIFILAR NACIONAL","1310/1550"
IR,I010357,"SFP - MODULO 10G-20KM (x2) IMPORTADO","1270/1330"
IR,N010357,"SFP - MODULO 10G-20KM (x2) NACIONAL","1270/1330"
IR,N010359,"MODULADOR NDS3332 IP to QAM NACIONAL","32 CHANNEL - DEXIN"
IR,I010359,"MODULADOR NDS3332 IP to QAM IMPORTADO","32 CHANNEL - DEXIN"
IR,N010362,"PATCHCORD LC/PC-LC/PC - MULTIMODO x1,5mts NACIONAL","x1,5 MTS."
IR,I010362,"PATCHCORD LC/PC-LC/PC - MULTIMODO x1,5mts NACIONAL","x1,5 MTS."
IR,N010367,"NVR2204-I -4 CANAL NACIONAL",""
IR,I010367,"NVR2204-I -4 CANAL IMPORTADO","DAHUA"
IR,N010373,"S4200 10P-SI ETHERNET SWITCH NACIONAL","DCN"
IR,I010374,"CS6580-48S6CQ-HI SWITCH 100GB IMPORTADO","DCN MODEL E"
IR,N010375,"CS6510-48S6Q-HI SWITCH 40GB NACIONAL","DCN"
IR,I010373,"S4200 10P-SI ETHERNET SWITCH IMPORTADO",""
IR,N010374,"CS6580-48S6CQ-HI SWITCH 100GB","MODEL E"
IR,I010375,"CS6510-48S6Q-HI SWITCH 40GB IMPORTADO",""
IR,I020016,"ATENUADOR FIJO DOMICILIARIO 3db IMPORTADO",""
IR,I020019,"ATENUADOR FIJO DOMICILIARIO 6db IMPORTADO",""
IR,I020020,"ATENUADOR FIJO DOMICILIARIO 8db IMPORTADO",""
IR,I020023,"ATENUADOR FIJO DOMICILIARIO 12db IMPORTADO",""
IR,N020023,"ATENUADOR FIJO DOMICILIARIO 12db NACIONAL",""
IR,N020020,"ATENUADOR FIJO DOMICILIARIO 8db NACIONAL",""
IR,N020019,"ATENUADOR FIJO DOMICILIARIO 6db NACIONAL",""
IR,N020016,"ATENUADOR FIJO DOMICILIARIO 3db NACIONAL",""
IR,I010219,"CONECTOR RJ-45 - CAT.5E CHINA",""
IR,I010248,"SFP - MODULO TRANSEP.1G -20 KM IMPORTADO","1 PELO O UNIFILAR TX1310"
IR,N010248,"SFP - MODULO TRANSEP.1G -20 KM NACIONAL","1 PELO O UNIFILAR TX 1310"
IR,I010249,"SFP - MODULO TRANSEP.1G -20 KM IMPORTADO","1 PELO O UNIFILAR TX1550"
IR,N010249,"SFP - MODULO TRANSEP.1G -20 KM NACIONAL","1 PELO O UNIFILAR TX 1550"
IR,N020035,"ROSETA x2 S - S/ADAP. SC/APC NACIONAL","OSMB"
IR,I020117,"ROSETA x 4 S - S/LOGO","CO-NET"
IR,N020117,"ROSETA x 4 S - S/LOGO NACIONAL",""
IR,I020118,"ROSETA x 2 S. c/2 ADAP. SC/APC S/LOGO IMPORTADO","C/2.ADAP- CO.NET"
IR,N020118,"ROSETA x 2 S. c/2 ADAP. SC/APC S/LOGO NACIONAL","C/2.ADAP- "
IR,N020135,"ROSETA x 2 S. c/2 ADAP. SC/APC ART-GO NACIONAL","C/2.ADAP SC/APC"
IR,I020135,"ROSETA x 2 S. c/2 ADAP. SC/APC ART-GO IMPORTADO","C/2.ADAP SC/APC"
IR,I010041,"PATCHCORD SC/APC-SC/APC x25mts IMPORTADO",""
IR,N010041,"PATCHCORD SC/APC-SC/APC x25mts NACIONAL",""
IR,N010345,"SPLITER SATELITAL X6",""
IR,N010346,"SPLITER SATELITAL 4X8",""
IR,N010025,"PATCHCORD SC/APC-SC/APC x15mts NACIONAL",""
IR,I010025,"PATCHCORD SC/APC-SC/APC x15mts IMPORTADO",""
IR,N010069,"CONECTOR FAST SC/APC UNIVERSAL NACIONAL",""
IR,DHI-NVD0905DH-4I-4K,"Encoder Videowall","DHI-NVD0905DH-4I-4K"
IR,I010103,"PATCHCORD SC/PC-LC/PC x2mts IMPORTADO",""
IR,N010220,"SPLITER OPTICO SC/APC 1:8 SLOT BOX NACIONAL","PLC - SC/APC"
IR,I010220,"SPLITER OPTICO SC/APC 1:8 SLOT BOX IMPORTADO","SC/APC CO-NET"
IR,N010165,"BANDEJA 19' FIJA VENTILADA NACIONAL",""
IR,010350,"ORGANIZADOR 19' FO 48p IMPORTADO",""
IR,N010383,"CONECTOR FAST SC/APC ESC250D",""
IR,N010384,"CONECTOR FAST SC/UPC ESC250D",""
IR,N010385,"CONECTOR FAST SC/APC 18-10mm",""
IR,N010386,"CONECTOR FAST SC/UPC 18-10mm",""
IR,N010387,"CONECTOR FAST SC/APC 29.4-19.4","FMC MODEL D"
IR,N010388,"CONECTOR FAST SC/UPC 29.4-19.4",""
IR,N010389,"CONECTOR FAST SC/APC 35.1-24mm",""
IR,N010390,"CONECTOR FAST SC/UPC 35.1-24mm",""
IR,N010391,"CONECTOR FAST SC/APC 29.4-19.4","WEDGE.TYPE MODEL B"
IR,N010392,"CONECTOR FAST SC/UPC 29.4-19.4",""
IR,I010396,"S4200 28P-SI(R2) ETHERNET SWITCH IMPORTADO","DCN"
IR,N010396,"S4200 28P-SI(R2) ETHERNET SWITCH  NACIONAL",""
IR,N010397,"MEDIA CONVERTER MULTIMODO NACIONAL","TP-LINK- MC200CM"
IR,I010398,"OLT EPON 16E DCEP5500 IMPORTADO","DCN SIN SFP-PON"
IR,N010398,"OLT EPON 16E DCEP5500 NACIONAL","DCN SIN SFP-PON"
IR,I010399,"OLT GPON 16B ECGP5500 IMPORTADO","DCN SIN SFP-PON"
IR,N010399,"OLT GPON 16B ECGP5500 NACIONAL","DCN SIN SFP-PON"
IR,I010400,"EDFA 16x22-37DB SA22SA IMPORTADO","DCN"
IR,N010400,"EDFA 16x22-37DB SA22SA NACIONAL",""
IR,N020004,"SPLITER DOMICILIARIO x 4 VIAS NACIONAL",""
IR,N020068,"ANTENA POWERBEAM M5-400 25-DB NACIONAL",""
IR,N020074,"CISCO Z3 NACIONAL",""
IR,N020100,"ANTENA POWERBEAM 5AC-2GEN DUAL NACIONAL",""
IR,CUC5,"CABLE UTP - CAT.5 E EXTERIOR NACIONAL	",""
IR,N020107,"PATCHCORD UTP - CAT.5 x1,5mt NACIONAL",""
IR,N020134,"ATENUADORES LC/PC 7db NACIONAL",""
IR,I020137,"ATENUADORES SC/APC 2db IMPORTADO",""
IR,N020137,"ATENUADORES SC/APC 2db NACIONAL",""
IR,I020138,"ATENUADORES SC/APC 3db IMPORTADO",""
IR,N020138,"ATENUADORES SC/APC 3db NACIONAL",""
IR,N020139,"ATENUADORES SC/APC 5db NACIONAL",""
IR,I020139,"ATENUADORES SC/APC 5db IMPORTADO",""
IR,I020140,"ATENUADORES SC/APC 8db IMPORTADO",""
IR,N020140,"ATENUADORES SC/APC 8db NACIONAL",""
IR,N020143,"PATCHCORD UTP - CAT.5 x0,90mt NACIONAL",""
IR,N020174,"PATCHCORD UTP - CAT.5 x 2mt NACIONAL",""
IR,N020183,"CABLE INTERLOCK P/C.M. DPQ3925 NACIONAL",""
IR,N030018,"PINZA DE COMPRESION RG6-RG59 NACIONAL",""
IR,N030019,"PELACABLE UTP RG6 RG59 NACIONAL",""
IR,N030048,"PELADORA FIBRA DROP NACIONAL",""
IR,N030051,"PINZA CRIMPADORA RJ45 NACIONAL",""
IR,I030074,"LIMPIADOR CONECTOR SC- ART-GO ",""
IR,I030075,"LIMPIADOR CONECTOR LC- ART-GO",""
IR,I030077,"MEDIDOR DE POTENCIA OPTICO PON IMPORTADO",""
IR,N030077,"MEDIDOR DE POTENCIA OPTICO PON NACIONAL",""
IR,I030079,"PELADORA FIBRA OPTICA CFS-3 IMPORTADO","C. N."
IR,N030079,"PELADORA FIBRA OPTICA CFS-3 NACIONAL","C. N."
IR,I030080,"PINZA CRIMPADORA RJ45- TOOLS IMPORTADO","C. N."
IR,N030080,"PINZA CRIMPADORA RJ45- TOOLS NACIONAL","C. N."
IR,N030092,"TESTER CABLE LAN P/RED NACIONAL",""
IR,030149,"PASACABLE ACERO x20mts",""
IR,040001,"Tap 4 vias 08db",""
IR,040002,"Tap 4 vias 11db",""
IR,040004,"Tap 4 vias 17db",""
IR,040005,"Tap 4 vias 20db",""
IR,040006,"Tap 4 vias 23db",""
IR,040007,"Tap 4 vias 26/23db Fiber Deep",""
IR,040010,"Tap 8 vias 11 db",""
IR,040011,"Tap 8 vias 14 db",""
IR,040012,"Tap 8 vias 17 db",""
IR,040013,"Tap 8 vias 20 db",""
IR,040014,"Tap 8 vias 23 db",""
IR,040015,"Tap 8 vias 26 db",""
IR,040016,"Tap 8 vias 29 db Fiber Deep",""
IR,040017,"Tap 8 vias 32/20 db Fiber Deep",""
IR,I040133,"FIBRA DROP 4 Pl - NEGRA IMPORTADO",""
IR,040029,"Spliter Triple Balanceado",""
IR,040030,"Spliter Triple Desbalanceado",""
IR,040041,"CONECTOR DOBLE PIN KS/KS PARA .500",""
IR,040042,"Conector Curva de 90° - KS",""
IR,040043,"Conector Curva de 180°",""
IR,040053,"Abrazadera Chica 12011",""
IR,040054,"Abrazadera Mediana 12021",""
IR,040055,"Abrazadera Grande 12031",""
IR,040056,"Abrazadera Super Grande 12041",""
IR,040059,"Abrazadera Extra Grande 12051",""
IR,I040065,"Fibra ADSS 36 pelos IMPORTADO",""
IR,N040065,"Fibra ADSS 36 pelos NACIONAL",""
IR,040084,"Mensula PKS para FO",""
IR,I040101,"AMPLIFICADOR DE LINEA 80-A IMPORTADO",""
IR,N040101,"AMPLIFICADOR DE LINEA 80-A NACIONAL",""
IR,N040112,"RAQUETA GALV. NACIONAL",""
IR,040117,"PREF. RETENCION Ø 9 a 10 mm NACIONAL",""
IR,040118,"GUARDA CABO P/PREF. Ø 55 mm NACIONAL",""
IR,N040119,"PREF. SUSPENSION Ø 9 a 10 mm NACIONAL",""
IR,N040121,"FLEJE ACERO INOX. 3/4x0,7 mm NACIONAL","ROLLO - CAJA x30 mts"
IR,N040339,"HEBILLA 3/4 ACERO INOX. GRUESA NACIONAL","Caja x 100 unidades "
IR,N040204,"LINGA DE ACERO 6mm MN-100 NACIONAL",""
IR,N040099,"ANTENA OMNI 5-G  NACIONAL",""
IR,N040113,"SUSPENSION PLASTICA FIBRA DROP NACIONAL",""
IR,N040123,"LINGA DE ACERO 3mm + PVC NACIONAL",""
IR,N040126,"MORSETO 1 BULON GALV NACIONAL",""
IR,N040127,"MORSETO CRUCE AMERICANO NACIONAL",""
IR,N040128,"ALAMBRE GALV 1mm + PVC NACIONAL",""
IR,N040140,"TAP 8 VIAS 26DB FIBER DEEP NACIONAL",""
IR,N040145,"PANEL SECTORIAL 120º 2G NACIONAL","UBIQUITI AIRMAX"
IR,N040149,"Tap 4 vias 26db NACIONAL",""
IR,N040153,"FIBRA DROP 2 Pl - NEGRA NACIONAL",""
IR,I040153,"FIBRA DROP 2 Pl - NEGRA IMPORTADO",""
IR,N040158,"AMPLIFICADOR AMP 1 GHZ NACIONAL",""
IR,N040160,"MORSETO P/ F.O. - 2342117 NACIONAL",""
IR,N040161,"Tap 4 vias 29db NACIONAL",""
IR,I040167,"PREF. SUSPENSION Ø 7 a 8 mm IMPORTADO","GALV. PARA F.O."
IR,N040167,"PREF. SUSPENSION Ø 7 a 8 mm NACIONAL","GALV. PARA F.O."
IR,N040175,"NAP FTTH 1:16 s/Split. Opt. NACIONAL","C/2.ADAP- CO.NET"
IR,N030075,"LIMPIADOR CONECTOR LC- ART-GO NACIONAL",""
IR,N040180,"FIBRA Opt. 32 pls.DIELECTRICA NACIONAL",""
IR,N040181,"FIBRA Opt. 60 pls.DIELECTRICA NACIONAL",""
IR,N040186,"NODO OPTICO 4 SALIDA - 862Mhz NACIONAL",""
IR,N040192,"PREF. RETENCION Ø 19 a 20 mm NACIONAL",""
IR,N040193,"PREF. SUSPENSION Ø 12 a 13 mm NACIONAL",""
IR,N040194,"PREF. SUSPENSION Ø 19 a 20 mm NACIONAL",""
IR,N040195,"PREF. RETENCION Ø 11 A 12 mm NACIONAL",""
IR,N040196,"PREF. RETENCION Ø 12 A 13 mm NACIONAL",""
IR,N040198,"PREF. RETENCION Ø 16 A 17 mm NACIONAL",""
IR,N040199,"PREF. SUSPENSION Ø 11 A 12 mm NACIONAL",""
IR,N040201,"PREF. SUSPENSION Ø 16 A 17 mm NACIONAL",""
IR,N040208,"PROTECCION DE POSTE GALV NACIONAL",""
IR,N040210,"GANCHO TIPO J PESADO TV GALV NACIONAL",""
IR,N040211,"TIRAFONDO CAB.EX. 8x2 1/2 GALV NACIONAL",""
IR,N040216,"Tap 8 vias 29 NACIONAL",""
IR,N040232,"FIBRA Opt. 64 pls.DIELECTRICA NACIONAL",""
IR,I040236,"FIBRA DROP 1 Pl - BCA. IMPORTADO","INDOOR"
IR,N040236,"FIBRA DROP 1 Pl - BCA. NACIONAL","INDOOR"
IR,N040237,"FIBRA DROP 2 Pl - BCA. NACIONAL","INDOOR"
IR,N040238,"FIBRA DROP 4 Pl - BCA. NACIONAL","INDOOR"
IR,I040238,"FIBRA DROP 4 Pl - BCA IMPORTADO","INDOOR"
IR,I040237,"FIBRA DROP 2 Pl - BCA. IMPORTADO","INDOOR"
IR,N040240,"ANTENA MIMO- 5G.22DB NACIONAL","UBIQUITI"
IR,N040244,"PREF. RETENCION Ø 6,8 -7,4 mm NACIONAL",""
IR,I040244,"PREF. RETENCION Ø 6,8 -7,4 mm IMPORTADO",""
IR,N040246,"RETENCION P/FIBRA DROP- METAL NACIONAL",""
IR,N040248,"POSTE METALICO NACIONAL","TUBO x 9mts"
IR,N040287,"Fibra ADSS 128 pelos NACIONAL",""
IR,I040299,"BOTELLA/NAP EMPAL.x144 - CV016 IMPORTADO",""
IR,N040299,"BOTELLA/NAP EMPAL.x144 - CV016 NACIONAL",""
IR,N040303,"Conector P/RG-11 a F NACIONAL",""
IR,N040304,"Conector P/RG-11 NACIONAL",""
IR,N040310,"Tap 8 vias 32 db NACIONAL",""
IR,N040320,"GABINETE P/POSTE COMPL.- 65x45x21cm NACIONAL","65x45x21"
IR,N040329,"BRAZO/MENSULA P/RIENDA PIQUE NACIONAL",""
IR,I040337,"ADAPTADOR COLUMNA PFA150 IMPORTADO",""
IR,N040337,"ADAPTADOR COLUMNA PFA150 NACIONAL",""
IR,I040338,"ADAPTADOR COLUMNA PFA152 IMPORTADO",""
IR,N040338,"ADAPTADOR COLUMNA PFA152 NACIONAL",""
IR,N040353,"MORSETO P/ F.O.- 2342117 suelt NACIONAL",""
IR,N040354,"MORSETO 3 BUL. LIVIANO suelto NACIONAL",""
IR,I040377,"ADAPTADOR COLUMNA PFA154 IMPORTADO","DAHUA"
IR,N040377,"ADAPTADOR COLUMNA PFA154 NACIONAL","DAHUA"
IR,I060003,"CABLE INTERLOCK NEGRO IMPORTADO","DAHUA"
IR,N060003,"CABLE INTERLOCK NEGRO NACIONAL","DAHUA"
IR,N060066,"CONECTOR EUROPEO P/UPS NACIONAL",""
IR,N060067,"PLACA HDMI P/PC - 4 SALIDAS NACIONAL",""
IR,I060082,"DH-W-HDMI x 15 mts IMPORTADO","DAHUA"
IR,N060082,"DH-W-HDMI x 15 mts NACIONAL","DAHUA"
IR,N060083,"IR-3.5MM-3M CABLE RECP.INFRARO NACIONAL","DAHUA"
IR,I060083,"IR-3.5MM-3M CABLE RECP.INFRARO IMPORTADO","DAHUA"
IR,N060086,"CABLE ALIMENTACION MONITOR NACIONAL",""
IR,N040133,"FIBRA DROP 4 Pl - NEGRA NACIONAL",""
IR,N010020,"Organizador 19' FO 24p NACIONAL",""
IR,I040342 ,"FIBRA ADSS 12 PELOS RECORTES IMPORTADO",""
IR,N040342,"FIBRA ADSS 12 PELOS RECORTES  NACIONAL",""
IR,N040343,"FIBRA ADSS 48 PELOS RECORTES NACIONAL",""
IR,I040343,"FIBRA ADSS 48 PELOS RECORTES IMPORTADO",""
IR,I040345,"FIBRA ADSS 144 PELOS RECORTES IMPORTADO",""
IR,N040345,"FIBRA ADSS 144 PELOS RECORTES NACIONAL",""
IR,N040282,"FIBRA ADSS 96 PELOS RECORTES NACIONAL",""
IR,I040282,"FIBRA ADSS 96 PELOS RECORTES IMPORTADO",""
IR,I040276,"FIBRA ADSS 60 PELOS RECORTES IMPORTADO",""
IR,N040276,"FIBRA ADSS 60 PELOS RECORTES NACIONAL",""
IR,N040269,"FIBRA ADSS 16 PELOS RECORTES NACIONAL",""
IR,I040269,"FIBRA ADSS 16 PELOS RECORTES IMPORTADO",""
IR,CPA ATM 01,"ATM CPA Tafí del Valle","ATM CPA Tafí del Valle"
IR,CPA ATM 02,"ATM CPA Amaicha del Valle","ATM CPA Amaicha del Valle"
IR,CPA ATM 03,"ATM CPA Concepción","ATM CPA Concepción"
IR,CPA ATM 04,"ATM CPA Casa Central SMT","ATM CPA Casa Central SMT"
IR,CPA ATM 05,"ATM CPA El Cadillal","ATM CPA El Cadillal"
IR,CPA ATM 06,"ATM CPA Tafí Viejo","ATM CPA Tafí Viejo"
IR,CPA ATM 07,"ATM CPA Benjamín Paz","ATM CPA Benjamín Paz"
IR,CPA ATM 08,"ATM CPA San Pedro de Colalao","ATM CPA San Pedro de Colalao"
IR,CPA ATM 09,"ATM CPA Trancas","ATM CPA Trancas"
IR,CPA ATM 10,"ATM CPA Juan Bautista Alberdi","ATM CPA Juan Bautista Alberdi"
IR,CPA ATM 11,"ATM CPA Famailla","ATM CPA Famailla"
IR,CPA ATM 12,"ATM CPA Monteros","ATM CPA Monteros"
IR,CPA ATM 13,"ATM CPA Esquina Norte SMT","ATM CPA Esquina Norte SMT"
IR,CPA ATM 14,"ATM CPA Aguilares","ATM CPA Aguilares"
IR,CPA ATM 15,"ATM CPA Alderetes","ATM CPA Alderetes"
IR,CPA ATM 16,"ATM CPA Bella Vista","ATM CPA Bella Vista"
IR,CPA ATM 17,"ATM CPA Garmendia","ATM CPA Garmendia"
IR,CPA ATM 18,"ATM CPA San Javier","ATM CPA San Javier"
IR,CPA ATM 19,"ATM CPA Lastenia","ATM CPA Lastenia"
IR,CPA ATM 20,"ATM CPA Yerba Buena","ATM CPA Yerba Buena"
IR,CPA ATM 21,"ATM CPA Tapia","ATM CPA Tapia"
IR,CPA ATM 22,"ATM CPA Raco","ATM CPA Raco"
IR,CPA ATM 23,"ATM CPA Taco Ralo","ATM CPA Taco Ralo"
IR,CPA ATM 24,"ATM CPA Banda del Río Salí","ATM CPA Banda del Río Salí"
IR,CPA AMT 25,"ATM CPA A.R.T. SMT","ATM CPA A.R.T. SMT"
IR,CPA ATM 26,"ATM CPA Villa Benjamín Araoz","ATM CPA Villa Benjamín Araoz"
IR,CPA ATM 27,"ATM CPA Santa Rosa de Leales","ATM CPA Santa Rosa de Leales"
IR,CPA ATM 28,"ATM CPA Villa de Leales","ATM CPA Villa de Leales"
IR,CPA ATM 29,"ATM CPA El Bracho","ATM CPA El Bracho"
IR,CPA ATM 30,"ATM CPA Simoca","ATM CPA Simoca"
IR,CPA ATM 31,"ATM CPA Monteagudo","ATM CPA Monteagudo"
IR,CPA ATM 32,"ATM CPA El Chañar","ATM CPA El Chañar"
IR,CPA ATM 33,"ATM CPA San Antonio de Ranchillos","ATM CPA San Antonio de Ranchillos"
IR,CPA ATM 34,"ATM CPA Los Samiento","ATM CPA Los Sarmiento"
IR,CPA ATM 35,"ATM CPA Quilmes y Los Sueldos","ATM CPA Quilmes y Los Sueldos"
IR,CPA ATM 36,"ATM CPA Colombres","ATM CPA Colombres"
IR,CPA ATM 37,"ATM CPA San Felipe y Santa Barbara","ATM CPA San Felipe y Santa Barbara"
IR,CPA ATM 38,"ATM CPA Alpachari","ATM CPA Alpachiri"
IR,CPA ATM 39,"ATM CPA Santa Ana","ATM CPA Santa Ana"
IR,CPA ATM 40,"ATM CPA La Reducción","ATM CPA La Reducción"
IR,CPA ATM 41,"ATM CPA Río Seco","ATM CPA Rio Seco"
IR,CPA ATM 42,"ATM CPA Villa Quinteros","ATM CPA Villa Quinteros"
IR,CPA ATM 43,"ATM CPA Choromoro","ATM CPA Choromoro"
IR,CPA ATM 44,"ATM CPA Las Talitas","ATM CPA Las Talitas"
IR,CPA ATM 45,"ATM CPA Graneros","ATM CPA Graneros"
IR,CPA ATM 46,"ATM CPA 7 de Abril","ATM CPA 7 de Abril"
IR,CPA ATM 47,"ATM CPA Mercofrut","ATM CPA Mercofrut"
IR,CPA ATM 48,"ATM CPA La Cocha","ATM CPA La Cocha"
IR,CPA ATM 49,"ATM CPA Barrio Sarmiento","ATM CPA Barrio Sarmiento"
IR,CPA ATM 50,"ATM CPA García Fernandez","ATM CPA García Fernandez"
IR,N020072,"FUENTE POE 48V - 0,5 Amp. NACIONAL","GREATPOWER"
IR,N010007,"SPLITER OPTICO DOBLE VENT. 1:4 NACIONAL","PLC-SC/APC"
IR,I010007,"SPLITER OPTICO DOBLE VENT. 1:4 IMPORTADO","PLC-SC/APC"
IR,N010404,"EDFA 32X22 + WDM SC/APC - SC/UPC",""
IR,I080088,"CABLE MC-PF3-B3-4"," DAHUA - POWER CABLE FOR MXVR"
IR,I080095,"EXT. CABLE MCNU-GXF4-GXM4-6"," DAHUA - EXTENSION CABLE FOR HAC (6M)"
IR,I080096,"EXT. CABLE MCNU-GXF4-GMX4-18"," DAHUA - EXTENSION CABLE FOR HAC (18M)"
IR,N080088,"CABLE MC-PF3-B3-4 NACIONAL"," DAHUA - POWER CABLE FOR MXVR"
IR,N080095,"EXT. CABLE MCNU-GXF4-GXM4-6 NACIONAL"," DAHUA - EXTENSION CABLE FOR HAC (6M)"
IR,N080096,"EXT. CABLE MCNU-GXF4-GMX4-18 NACIONAL"," DAHUA - EXTENSION CABLE FOR HAC (18M)"
IR,I040064,"FIBRA ADSS 24 PELOS IMPORTADO","FIBRASTORE"
IR,N040064,"FIBRA ADSS 24 PELOS NACIONAL","FIBRASTORE"
IR,N010178,"MODULADOR IP QUAM 16 en 1 - NACIONAL",""
IR,I010178,"MODULADOR IP QUAM 16 en 1 - IMPORTADO","DEXIN DIGITAL"
IR,I040069,"FIBRA ADSS 24 PELOS 200M IMPORTADO","FIBRASTORE"
IR,N040069,"FIBRA ADSS 24 PELOS 200M NACIONAL",""
IR,I040070,"FIBRA ADSS 48 PELOS 200M IMPORTADO","FIBRASTORE"
IR,N040070,"FIBRA ADSS 48 PELOS 200M NACIONAL",""
IR,N040378,"ADAPTADOR P/COLUMNA 100x100x22",""
IR,RCA,"CABLE RCA A PLUGIN DE 3,5",""
IR,RCA1,"CABLE RCA A RCA",""
IR,ATENUADOR,"ATENUADORES TALITAS",""
IR,040003,"Tap 4 vias 14db",""
IR,N010087,"PATCHCORD SC/PC-SC/PC x3mts NACIONAL",""
IR,N020212,"CABLE TPR 2x1,5 NACIONAL",""
IR,N030074,"LIMPIADOR CONECTOR SC- ART-GO ",""
IR,ATM CPA,"ATM CPA",""
IR,I010272,"CISCO D 9800SM","DISCOVERY"
IR,N010407,"SWITCH 16-PORT GC TL-SG1016 --TP-LINK",""
IR,I010407,"SWITCH 16-PORT GC TL-SG1016 --TP-LINK IMPORTADO",""
IR,N010410,"SWITCH 8P ETHERNET",""
IR,I010410,"SWITCH 8P ETHERNET",""
IR,MINITAP,"MINI TAP 9",""
IR,MITAP12,"MINI TAP 12",""
IR,N040062,"CABLE .500 CON PORTANTE NACIONAL",""
IR,N040390,"CONECTOR .500 - PIN 3 CUERPOS NACIONAL",""
IR,N010414,"PIGTAIL SC/APC - VARIOS",""
IR,N010415,"CANAL DE TENSION x10 S/TERMC.",""
IR,N010416,"PATCHCORD SC/APC-SC/PC x5mts.",""
IR,N010417,"PATCHCORD SC/APC-SC/APC x2mts.",""
IR,N010042,"PATCHCORD SC/APC-SC/APC x30mts NACIONAL",""
IR,I010042,"PATCHCORD SC/APC-SC/APC x30mts IMPORTADO",""
IR,N010086,"PATCHCORD SC/PC-LC/PC x3mts NACIONAL",""
IR,I010086,"PATCHCORD SC/PC-LC/PC x3mts IMPORTADO",""
IR,N020178,"UNIFI AP - IN WALL - UBIQUITI - NACIONAL",""
IR,N040197,"PREF. RETENC Ø 6 a 6,9mm NACIONAL",""
IR,N060115,"CABLE CONSOLA/USB",""
IR,N010420,"MODULADOR IP QAM 4 in 1 - EXO",""
IR,N010050,"CONECTOR SENKO 2x3mm TIPO ZIP",""
IR,N010171,"OLT EPON OUTDOOR 4P. PON NACIONAL","RECUPERADO"
IR,I010171,"OLT EPON OUTDOOR 4P. PON IMPORTACION","RECUPERADO"
IR,N010035,"DIVISOR 4 VIAS C/PASO DE TENSION 1 SALIDA",""
IR,N010422,"SWITCH JETSTREAM 24P. GB POE - 4 SFP",""
IR,N010005,"EDFA 22DB - 1550 - 1P (WIRE-TECH) NACIONAL","WIRE-TECH"
IR,N010358,"SFP - MODULO 1.25G-3KM (x2) NACIONAL",""
IR,I010358,"SFP - MODULO 1.25G-3KM (x2) IMPORTADO",""
IR,N040146,"MENSULA TU p/F.O.",""
IR,N040402,"SWITCH 5P ETHERNET NACIONAL",""
IR,N020110,"CABLE UTP - CAT.5 E EXTERIOR 2 PARES NACIONAL",""
IR,N020073,"FUENTE POE 48V - 1 Amp. NACIONAL",""
IR,N010425,"CABLE SFP+DAC MIKROTIK",""
IR,N020075,"FUENTE POE 24V - 0,5 A NACIONAL",""
IR,N010184,"CANAL DE TENSION 19' DUAL x6T C/TERM.",""
IR,I010259,"MODULADOR DSM2500C-IPtoANALOG-32 en 1 IMPORTADO",""
IR,N010259,"MODULADOR DSM2500C-IPtoANALOG-32 en 1 NACIONAL",""
IR,N010379,"SWITCH 16-POR GB TL-SG1016D NACIONAL",""
IR,N010380,"SWITCH 8-POR GIGABIT TL-SG108 NACIONAL",""
IR,CABLEUTP,"CABLE UTP",""
IR,SWITCH,"SWITCH 16 POE",""
IR,FIBRA,"FIBRA ADSS - 12 PELOS",""
IR,BOTELLA,"BOTELLA DE 96 PELOS",""
IR,NAP,"NAP",""
IR,FIBRA 72 PELOS,"FIBRA 72 PELOS",""
IR,BOTELLA 24 PELOS,"BOTELLA 24 PELOS",""
IR,PIGTAIL,"PIGTAIL SC/APC-L/CUPC",""
IR,N010355,"SFP - MODULO TRANSEP. 1,25G - 20KM BIFILAR NACIONAL",""
IR,I010355,"SFP - MODULO TRANSEP. 1,25G - 20KM BIFILAR IMPORTADO",""
IR,N010426,"SWITCH 10 PUERTOS - PFS4410-6GT-DP V2 (DAHUA)",""
IR,N040093,"MEDIA CONVERTER 10 km -10/100/1000 NACIONAL",""
IR,N010428,"ADM.INTER. CMTS 200 FCE 8929FE",""
IR,N040188,"AMPLIFICADOR MAGNAVOX G297 NETWORK 4B",""
IR,N020021,"ATENUADOR FIJO DOMICILIARIO 16db NACIONAL",""
IR,N040152,"ODF FTTH NAP 1:16",""
IR,N010166,"CASSETTE BANDEJA ORGANIZADORA GJSZ21 NACIONAL",""
IR,N010167,"CONVERSOR DE NORMA VIDICRAFT TVS2112",""
IR,N040404,"GRAMPA SUJETA CABLE MARINERA 3/16",""
IR,N040405,"GRAMPA SUJETA CABLE MARINERA 5/16",""
IR,N040406,"GUARDA CABO P/PREF. 1/4 NACIONAL",""
IR,N040407,"GUARDA CABO P/PREF. 3/16 NACIONAL",""
IR,N040095,"MEDIA CONVERTER 30km NACIONAL",""
IR,N040142,"MEDIA CONVERTER 20km NACIONAL",""
IR,N010430,"MODULADOR AGILE DRAKE",""
IR,N010431,"MODULADOR BAVM860SAW BLONDER T",""
IR,N010432,"MODULADOR MINI AGILE PIICOMACOM C/FTE",""
IR,N040124,"MORSETO 3 BUL. LIVIANO",""
IR,N040129,"MORSETO 3 BUL. PESADO NACIONAL",""
IR,N040166,"NAP 1:16 sin cassette",""
IR,N040169,"NAP 1:8 ",""
IR,N040168,"NAP 1:8 sin cassette",""
IR,N010351,"Organizador 19' FO 48p DESLIZABLE nacional",""
IR,N010350,"ORGANIZADOR 19' FO 48p NACIONAL",""
IR,N010068,"RECEPTOR OP JIUZHOUTECH GJS862- NACIONAL",""
IR,N010093,"RECEPTOR SATELITAL - NACIONAL",""
IR,N010045,"REDUCTOR .500-RG6 CONECTOR",""
IR,N010047,"REDUCTOR .500-RG6 CONECTOR HEMBRA",""
IR,N010048,"REDUCTOR RG11-RG6 C/PIN",""
IR,N010381,"SWITCH VARIOS X 4 - NACIONAL",""
IR,N010382,"SWITCH VARIOS X 8 - NACIONAL",""
IR,040018,"Tap 2 vias 4 db",""
IR,040019,"Tap 2 vias 8 db",""
IR,040020,"Tap 2 vias 11 db",""
IR,040021,"Tap 2 vias 14 db",""
IR,040022,"Tap 2 vias 17 db",""
IR,040023,"Tap 2 vias 20 db",""
IR,040024,"Tap 2 vias 23 db",""
IR,040025,"Tap 2 vias 26 db",""
IR,040026,"Tap 4 vias 26/23",""
IR,040027,"Tap 4 vias 29/23",""
IR,040028,"Tap 4 vias 32db NACIONAL",""
IR,N040100,"Tap 8 vias 26/R23 NACIONAL",""
IR,N040102,"Tap 8 vias 29 db NACIONAL",""
IR,N040103,"Tap 8 vias 29/R23 NACIONAL",""
IR,N010292,"TAPON CARGA 75 OHM .500/RG11 NACIONAL",""
IR,N 010293,"TAPON CARGA 75 OHM TAPA TAP - NACIONAL",""
IR,N010434,"SWITCH ETHERNET PFS3409-4GT-96-V2 DAHUA",""
IR,N010435,"SWITCH ETHERNET PFS4410-6GT-DP DAHUA",""
IR,N020301,"FUENTE 48V-3,1A P/SWITCH ETHERNET",""
IR,N010438,"SWITCH POE V1016-2G-S-P",""
IR,N050100,"BANDEJA PORTAPAPEL",""
IR,N010439,"ORGANIZADOR DE CABLES ABIERTO PARA RACK CHICO",""
IR,N010440,"ORGANIZADOR DE CABLES ABIERTO PARA RACK GRANDE",""
IR,N040249,"AMPLIFICADOR AMP 1 GHZ (REPUESTO) NACIONAL",""
IR,N010133,"ORGANIZADOR VERTICAL P/RACK x40U",""
IR,N020111,"CABLE UTP - CAT.5 E EXTERIOR 4 PARES NACIONAL",""
IR,N020104,"CABLE UTP - CAT.5 E EXTERIOR NACIONAL",""
IR,N020046,"CABLE UTP - CAT.5 E INTERIOR NACIONAL",""
IR,N020307,"CABLE UTP - CAT.5E INTERIOR 4 PARES",""
IR,N010444,"SWITCH 8P- 1g/A C/FUENTE",""
IR,N010320,"INYECTOR + EYECTOR POE PASIVO",""
IR,100000,"Access point exterior TP-Link Omada EAP110",""
IR,100003,"Cable 2,5 mm Unipolar X100m color Celeste",""
IR,100004,"Cable 2,5 mm Unipolar X100m color Rojo",""
IR,100005,"Cable 2,5 mm Unipolar X100m color Verde - Amarrilo",""
IR,100006,"Cable 2,5mm bipolar subterráneo",""
IR,100007,"Cable 4 mm X100m color Celeste",""
IR,100008,"Cable 4 mm X100m color Rojo",""
IR,100009,"Cable 4 mm X100m color Verde- Amarrilo",""
IR,100010,"Cable Canal",""
IR,100011,"Cable de cobre desnudo 6mm X5m",""
IR,100012,"Cable de par trenzado UTP - Interior X300m",""
IR,100013,"Cable Unipolar 4 Mm Verde Amarillo",""
IR,100018,"Cierre de empalme hasta 24 pelos",""
IR,100019,"Cierre de empalme hasta 24 pelos",""
IR,100020,"Cierre de empalme hasta 48 pelos",""
IR,100021,"Cierre de empalme hasta 96 pelos",""
IR,100023,"Conector 22mm 7/8 Tubo Caño Rigido Pvc X25u",""
IR,100024,"Conector SC/APC SM Mecanico capuchon largo",""
IR,100025,"Conectores RJ45 X100",""
IR,100026,"Conjunto de herraje para acometida con mordaza y cadena para tendido aéreo",""
IR,100027,"Conjunto de retención para tendido de fibra autosoportada",""
IR,100028,"Conjunto de retención para tendido de fibra autosoportada - Ménsula TU",""
IR,100029,"Conjunto de retención para tendido de fibra autosoportada con cruz de reserva",""
IR,100031,"Conjunto de suspensión para tendido de fibra autosoportada",""
IR,100033,"Drop 1 core con portante de acero",""
IR,100034,"Drop 2 cores con portante de acero",""
IR,100036,"FDB CAJA EXTERIOR FTTH 2X16 CON SPLITTER 1 a 16",""
IR,100037,"FDB CAJA EXTERIOR FTTH 2X8 CON SPLITTER 1 a 8",""
IR,100038,"Fibra Optica ADSS monomodo 12 hilos aereo Furukawa",""
IR,100039,"Fibra Optica ADSS monomodo 24 hilos aereo Furukawa",""
IR,100040,"Fibra Optica ADSS monomodo 4 hilos aereo Furukawa",""
IR,100041,"Fibra Optica ADSS monomodo 48 hilos aereo Furukawa",""
IR,100042,"Fibra Optica ADSS monomodo 8 hilos aereo Furukawa",""
IR,100043,"Fibra Optica ADSS monomodo 96 hilos aereo Furukawa",""
IR,100058,"Pigtail Fibra Optica 2 Mts 900 Micrones Sc/apc Monomodo",""
IR,100061,"Poste de Eucaliptos Impregnados con CCA de 7,50 mts. cima 12/14",""
IR,100062,"Poste de Eucaliptos Impregnados con CCA de 9 mts. Reforzado",""
IR,100067,"ROSETA-001 ROSETA FTTH ROSETA FO 2 PORTS INTERIOR",""
IR,100053,"Kit Puesta A Tierra Jabalina 3/8 X 1,5m + Caja + Toma Cable",""
IR,100054,"Odf Pachera Fibra Optica Conectorizada Sc/apc 48 Puertos",""
IR,100069,"Switch Wi-Fi TpLink TI Sg1008d",""
IR,100072,"UBIQUITI UNIFI FlexHD 802.11ac Wave 2 4x4 MIMO Indoor/Outdoor",""
IR,100073,"UBIQUITI UNIFI NET USG",""
IR,100074,"Zapatilla Enchufes Multiple 4 Tomas 5mts Cable",""
IR,100103,"CABLE MC-PF3-B3-4",""
IR,100108,"EXT. CABLE MCNU-GXF4-GXM4-6"," DAHUA - EXTENSION CABLE FOR HAC (6M)"
IR,100109,"EXT. CABLE MCNU-GXF4-GMX4-18"," DAHUA - EXTENSION CABLE FOR HAC (18M)"
IR,100116,"4 PON VSOL port GPON OLT V1600G0","4 PON VSOL port GPON OLT V1600G0"
IR,100117,"Bandeja deslizante 19'","Bandeja deslizante 19'"
IR,100119,"Cable Canal 40x30 (barras de 2 metros)","Cable Canal 40x30 (barras de 2 metros)"
IR,100120,"Cable Sintenax 3x2,5 x 100mts","Cable Sintenax 3x2,5 x 100mts"
IR,100121,"Cable UTP cat6  x mt","Cable UTP cat6  x mt"
IR,100124,"Canal de tensión  5 tomas 220V","Canal de tensión  5 tomas 220V"
IR,100126,"Fibra Optica ADSS monomodo 12 hilos aereo","Fibra Optica ADSS monomodo 12 hilos aereo"
IR,100131,"Kit Jabalina 5/8 X1,5m + caja + toma cable","Kit Jabalina 5/8 X1,5m + caja + toma cable"
IR,100132,"Modulo 10G Sfp Monomodo DUPLEX hasta 20km","Modulo 10G Sfp Monomodo DUPLEX hasta 20km"
IR,100133,"Modulo Sfp GPON","Modulo Sfp GPON"
IR,100134,"Odf Pachera Fibra Optica Conectorizada Sc/apc 12 Puertos","Odf Pachera Fibra Optica Conectorizada Sc/apc 12 Puertos"
IR,100139,"Roseta para RJ45","Roseta para RJ45"
IR,100140,"SPLITTER 1 a 4 CONECTORIZADO P/ RACK","SPLITTER 1 a 4 CONECTORIZADO P/ RACK"
IR,100141,"Switch -  8 Puertos Giga Administrable POE","Switch -  8 Puertos Giga Administrable POE"
IR,100142,"Switch de capa 3 para comunicación en el anillo","Switch de capa 3 para comunicación en el anillo"
IR,100143,"Switch PoE 16 puertos Gigabit administrable","Switch PoE 16 puertos Gigabit administrable"
IR,100145,"Ubiquiti UNIFI LITE  Access Point","Ubiquiti UNIFI LITE  Access Point"
IR,N060125,"CABLE USB A MINI USB x2mts NACIONAL",""
IR,I060125,"CABLE USB A MINI USB x2mts IMPORTADO",""
IR,N040409,"SPLITER DOBLE BALANCEADO R2V",""
IR,I010172,"MODULADOR FIJO X 24 - WOLCK","RECUPERADO"
IR,N010172,"MODULADOR FIJO X 24 - WOLCK-NACIONAL","RECUPERADO"
IR,N020099,"ANTENA DONGLE - ERI",""
IR,100149,"CABLE MC-AF6-AM6-18  18m","CABLE MC-AF6-AM6-18  18m"
IR,N010503,"OLT ZHONE MODEL MXK-CHASIS-819 (GPON)",""
IR,N010504,"SWITCH CISCO ME3400E ",""
IR,N010505,"SWITCH HUAWEIS5720-28P-SI",""
IR,N010508,"SWITCH T1600 28 TS",""
IR,N010509,"ODF X 12 (TELECOM)",""
IR,N010510,"CHASIS MA5603 P/ADSL CON 5 PLACAS ",""
IR,N010511,"ENCODER EXO 8 PUERTOS ",""
IR,N010514,"MULTICHANEL ENCODER 12 PUERTOS",""
IR,N010515,"ODF CERRADA X 12 ",""
IR,N020407,"NODO PASIVO SC/APC - RG6/59",""
IR,N040500,"ANTENA BANDA C 3,6 MTS",""
IR,N040501,"ANTENA EXO BANDA C 3,6 MTS",""
IR,N040507,"ANTENA ANTEMON BANDA C 5 MTS",""
IR,N040505,"FIBRA ADSS 12P CON AUTOPORTANTE",""
IR,N040506,"Conector P/RG-11 para antena banda c",""
IR,N060204,"PATCHCORD LC/PC -E2000/APC x6mts ",""
IR,N060205,"PATCHCORD LC/PC-SC/APC x1.5 mts ",""
IR,N060206,"PATCHCORD LC/PC-SC/PC x1.5 mts",""
IR,N060207,"PATCHCORD SC/PC -E2000/APC x6mts ",""
IR,N060208,"PATCHCORD SC/PC-SC/APC x5 mts ",""
IR,N060209,"PIGTAIL SC/APC-SC/APC x7mts ",""
IR,N060211,"PATCHCORD SC/APC-SC/PC x2 mts ",""
IR,N010520,"SWITCH TL-SG3424",""
IR,N020411,"ATENUADOR FIJO DOMICILIARIO20DB",""
IR,N020412,"ATENUADOR FIJO DOMICILIARIO10DB",""
IR,N010521,"CATV LASER TRANSMITER 1550",""
IR,N010240,"SFP - MODULO TRANSEP.10G-40 KM BIFILAR",""
IR,N020420,"GRAMPA CLAVO Nº5 P/DROP PLANA BLANCA PAQ.X100- NACIONAL",""
IR,N010600,"MODULADOR FIJO CANAL 10 NACIONAL",""
IR,N010601,"MODULADOR FIJO CANAL 12 NACIONAL",""
IR,N010602,"MODULADOR FIJO CANAL 13 NACIONAL",""
IR,N010603,"MODULADOR FIJO CANAL 14 NACIONAL",""
IR,N010604,"MODULADOR FIJO CANAL 15 NACIONAL",""
IR,N010605,"MODULADOR FIJO CANAL 17 NACIONAL",""
IR,N010606,"MODULADOR FIJO CANAL 18 NACIONAL",""
IR,N010608,"MODULADOR FIJO CANAL 22 NACIONAL",""
IR,N010609,"MODULADOR FIJO CANAL 23 NACIONAL",""
IR,N010610,"MODULADOR FIJO CANAL 24 NACIONAL",""
IR,N010611,"MODULADOR FIJO CANAL 25 NACIONAL",""
IR,N010612,"MODULADOR FIJO CANAL 27 NACIONAL",""
IR,N010613,"MODULADOR FIJO CANAL 28 NACIONAL",""
IR,N010614,"MODULADOR FIJO CANAL 30 NACIONAL",""
IR,N010615,"MODULADOR FIJO CANAL 31 NACIONAL",""
IR,N010616,"MODULADOR FIJO CANAL 33 NACIONAL",""
IR,N010617,"MODULADOR FIJO CANAL 34 NACIONAL",""
IR,N010618,"MODULADOR FIJO CANAL 36 NACIONAL",""
IR,N010619,"MODULADOR FIJO CANAL 37 NACIONAL",""
IR,N010620,"MODULADOR FIJO CANAL 38 NACIONAL",""
IR,N010621,"MODULADOR FIJO CANAL 39 NACIONAL",""
IR,N010622,"MODULADOR FIJO CANAL 40 NACIONAL",""
IR,N010623,"MODULADOR FIJO CANAL 41 NACIONAL",""
IR,N010624,"MODULADOR FIJO CANAL 42 NACIONAL",""
IR,N010625,"MODULADOR FIJO CANAL 43 NACIONAL",""
IR,N010626,"MODULADOR FIJO CANAL 45 NACIONAL",""
IR,N010627,"MODULADOR FIJO CANAL 46 NACIONAL",""
IR,N010628,"MODULADOR FIJO CANAL 47 NACIONAL",""
IR,N010629,"MODULADOR FIJO CANAL 48 NACIONAL",""
IR,N010630,"MODULADOR FIJO CANAL 50 NACIONAL",""
IR,N010631,"MODULADOR FIJO CANAL 51 NACIONAL",""
IR,N010632,"MODULADOR FIJO CANAL 53 NACIONAL",""
IR,N010633,"MODULADOR FIJO CANAL 54 NACIONAL",""
IR,N010607,"MODULADOR FIJO CANAL 19 NACIONAL",""
IR,N010634,"MODULADOR FIJO CANAL 56 NACIONAL",""
IR,N010635,"MODULADOR FIJO CANAL 57 NACIONAL",""
IR,N010636,"MODULADOR FIJO CANAL 59 NACIONAL",""
IR,N010637,"MODULADOR FIJO CANAL 60 NACIONAL",""
IR,N010638,"MODULADOR FIJO CANAL 68 NACIONAL",""
IR,N010639,"MODULADOR FIJO CANAL 69 NACIONAL",""
IR,N010640,"MODULADOR FIJO CANAL 70 NACIONAL",""
IR,N010641,"MODULADOR FIJO CANAL 02 NACIONAL",""
IR,N010642,"MODULADOR FIJO CANAL 03 NACIONAL",""
IR,N010643,"MODULADOR FIJO CANAL 04 NACIONAL",""
IR,N010644,"MODULADOR FIJO CANAL 05 NACIONAL",""
IR,N010645,"MODULADOR FIJO CANAL 06 NACIONAL",""
IR,N010646,"MODULADOR FIJO CANAL 07 NACIONAL",""
IR,N010647,"MODULADOR FIJO CANAL 08 NACIONAL",""
IR,N010648,"MODULADOR FIJO CANAL 09 NACIONAL",""
IR,N010650,"MODULADOR FIJO CANAL 11 NACIONAL",""
IR,N010651,"MODULADOR FIJO CANAL 20 NACIONAL",""
IR,N010652,"MODULADOR FIJO CANAL 55 NACIONAL",""
IR,N010653,"MODULADOR FIJO CANAL 61 NACIONAL",""
IR,N010654,"MODULADOR FIJO CANAL 66 NACIONAL",""
IR,N010655,"MODULADOR FIJO CANAL 67 NACIONAL",""
IR,N010656,"MODULADOR FIJO CANAL 71 NACIONAL",""
IR,N010657,"MODULADOR FIJO CANAL 72 NACIONAL",""
IR,N010658,"MODULADOR FIJO CANAL 79 NACIONAL",""
IR,N010659,"MODULADOR FIJO CANAL 98 NACIONAL",""
IR,N010660,"MODULADOR FIJO CANAL 99 NACIONAL",""
IR,N010661,"MODULADOR FIJO PICO MACOM CANAL 15 NACIONAL",""
IR,N010662,"MODULADOR FIJO PICO MACOM CANAL 27 NACIONAL",""
IR,N010663,"MODULADOR FIJO PICO MACOM CANAL 42 NACIONAL",""
IR,N010664,"MODULADOR FIJO PICO MACOM CANAL 16 NACIONAL",""
IR,N010665,"MODULADOR FIJO PICO MACOM CANAL 38 NACIONAL",""
IR,N010666,"MODULADOR FIJO PICO MACOM CANAL 40 NACIONAL",""
IR,N010667,"MODULADOR FIJO PICO MACOM CANAL 22 NACIONAL",""
IR,N010668,"MODULADOR FIJO PICO MACOM CANAL 67 NACIONAL",""
IR,N010669,"MODULADOR FIJO PICO MACOM CANAL 66 NACIONAL",""
IR,N010670,"MODULADOR FIJO PICO MACOM CANAL 41 NACIONAL",""
IR,N010671,"MODULADOR FIJO PICO MACOM CANAL 65 NACIONAL",""
IR,N010672,"MODULADOR FIJO PICO MACOM CANAL 44 NACIONAL",""
IR,N010056,"ORGANIZADOR 19' F.O. 48Pls. - BANDEJA DESLIZABLE C/PIGTAIL",""
IR,N010112,"ORGANIZADOR HORIZONTAL 19' P/RACK - O-1UMX",""
IR,N010019,"ORGANIZADOR 19' F.O. 12Pls. SIN PIGTAIL",""
IR,N010673,"MODULADOR FIJO CANAL 58 NACIONAL",""
IR,N010674,"MODULADOR FIJO CANAL 63 NACIONAL",""
IR,N010675,"MODULADOR FIJO CANAL 52 NACIONAL",""
IR,N010676,"MODULADOR FIJO CANAL 49 NACIONAL",""
IR,N010677,"MODULADOR FIJO CANAL 44 NACIONAL",""
IR,N010678,"MODULADOR FIJO CANAL 65 NACIONAL",""
IR,N010679,"MODULADOR FIJO CANAL 16 NACIONAL",""
IR,N040410,"SPLITER OPTICO 1:2 SLOT BOX NACIONAL",""
IR,N020426,"FUENTE POE 24V-1A POWERBEAM 2da GENERAC C/CABLE",""
IR,N020427,"AP AC LITE UBIQUITI",""
IR,N020428,"LNB ANTENA POWERBEAM PBE-M5-400",""
IR,N010680,"RECEPTOR MAG254W2",""
IR,N010681,"MEDIA CONVERTER 10/100 x15km",""
IR,N020437,"PATCHCORD UTP CAT.5E x5mts",""
IR,N010684,"MODULADOR FIJO CANAL 64",""
IR,N010685,"MODULADOR FIJO CANAL 92",""
IR,N010686,"MODULADOR FIJO CANAL 32",""
IR,N020439,"CABLE PUGIN A PUGIN",""
IR,N010688,"MINI NODO OPTICO CON RETORNO",""
IR,N010689,"CABLE HDMI x5mts",""
IR,N010693,"SWITCH S3328TP-SI - 24P HUAWEI",""
IR,N040511,"AMPLIFICADOR LINEA 450 - ANTEMONT",""
IR,N0450413,"CABLE COAXIL RG-11",""
IR,N010109,"CMTS CISCO UBR10000",""
IR,N010341,"CISCO RF-FATEWAY QUAM P/DOCSIS",""
IR,N010696,"PLACA PRINCIPAL CMTS 3.0 UBR10000",""
IR,N010149,"PLACA P/CMTS UBR10-MC20x20V",""
IR,N010697,"CHASIS CMTS 3.0 UBR10000 CISCO",""
IR,N010698,"FAN TRAY CMTS UBR10000 CISCO",""
IR,N010700,"FUENTE ALIMENTACION CMTS UBR10000 CISCO",""
IR,N010701,"PLACA INTERFACE CMTS UBR10000 CISCO",""
IR,N010699,"DISPLEY CMTS UBR10000 CISCO",""
IR,N080812,"PANEL LED 18W P/EMBUTIR",""
IR,N020456,"CABLE TPR 2x 2,5 ",""
IR,N080813,"PANEL LED 12 W P/EMBUTIR",""
IR,N080814,"PANEL LED 20 W P/EMBUTIR",""
IR,N080815,"PANEL LED 24 W P/EMBUTIR",""
IR,N080816,"PANEL LED 5W P/EMBUTIR",""
IR,N080817,"TORNILLO R/CHAPA 6x5/8",""
IR,N030324,"MECHA ACERO RAPIDO 3mm",""
IR,N010204,"ORGANIZ. VERTICAL P/RACK X40u - O-ABT-40UN",""
IR,N010074,"CANAL DE TENSION x10 C/TERMC - 10TNAC-CT",""
IR,N010141,"PLACA P/CMTS UBR10-MC5x20U-D",""
IR,N010301,"CABLE P/PLACA CMTS x5 CONECT",""
IR,N080819,"CABLE UNIPOLAR 35mm P/SOLDADOR ELECTRICO",""
IR,N080820,"PANEL LED 18W PLAFON",""
IR,N080821,"PANEL LED 24W PLAFON",""
IR,N080824,"ZAPATILLA ELECTRICA C/CABLE",""
IR,N030329,"ESPATULA PLANA ACERO x90mm",""
IR,N040514,"POSTE MADERA 7,5 MTS",""
IR,N040515,"POSTE MADERA 9 MTS",""
IR,N040516,"POSTE MADERA 11 MTS",""
IR,N030330,"MECHA ACERO RAPIDO 6,25 MM",""
IR,N030147,"PASACABLE ACERO x10mts",""
IR,N010703,"MRS-7600E-48GT PLACA P/CHASIS",""
IR,I010703,"MRS-7600E-48GT PLACA P/CHASIS",""
IR,I010704,"S5750X-24T6X-SI SWITCH ETHERNET",""
IR,N010704,"S5750X-24T6X-SI SWITCH ETHERNET",""
IR,N080825,"HIERRO PERFIL C140",""
IR,N080826,"HIERRO PERFIL C100",""
IR,N080829,"HIERRO ANGULO 1 ½' x 1/8'",""
IR,N080830,"HIERRO ANGULO 1 ½' x 3/16'",""
IR,N030336,"MECHA ACERO RAPIDO 5mm",""
IR,N080834,"CABLE UNIPOLAR 2,5 mm",""
IR,N080836,"CABLE CANAL",""
IR,N080860,"CHAPA GALVANIZADA 25X110X8,5 MTS",""
IR,N080861,"CHAPA GALVANIZADA 25X110X5 MTS",""
IR,N080862,"CHAPA GALVANIZADA 25X110X6 MTS",""
IR,N080866,"PLACA CHAPA 3/8' 200X200mm",""
IR,N030344,"CEPILLO ACERO C/MANGO",""
IR,N080872,"HIERRO TORSIONADO 6mm",""
IR,N080873,"HIERRO TORSIONADO 8mm",""
IR,N080874,"HIERRO TORSIONADO 10mm",""
IR,N080889,"HIERRO ANGULO 1 1/4' x 1/8'",""
IR,N030345,"MECHA ACERO RAPIDO  8mm",""
IR,N030346,"MECHA ACERO RAPIDO  10mm",""
IR,N010705,"MODULADOR DSM2500C-IPtoANALOG - 64en1",""
IR,N080890,"CHAPA GALV. LISA N°27 4x8 0,40mm",""
IR,N020458,"CABLE HDMI ",""
IR,N040517,"BOTELLA/NAP EMPAL.x144 - CV016 - SIN CASSETTE",""
IR,N010265,"PFS4218  16ET- 240SWITCH POE",""
IR,N010709,"SWITCH 326-24G-2S+RM 24ETH 2SFP+",""
IR,N020460,"CABLE UTP - CAT 6 INTERIOR 4 PARES",""
IR,N062245,"ADAPTADOR VGA a HDMI",""
IR,N020010,"CABLE COAXIL RG-6 C/PORT. -RECORTE",""
IR,N020130,"CABLE COAXIL RG-59 S/PORT.-RECORTE","BLANCO"
IR,N040346,"FIBRA ADSS 12 PELOS RECORTES  NACIONAL",""
IR,N040347,"FIBRA ADSS 48 PELOS RECORTES NACIONAL",""
IR,N040348,"FIBRA ADSS 72 PELOS - RECORTE",""
IR,N040233,"FIBRA DROP 1 Pl - BCA. NACIONAL-RECORTE","INDOOR"
IR,N040234,"FIBRA DROP 1 Pl - NEGRA OUTDOOR-RECORTE","OUTDOOR"
IR,N040235,"FIBRA DROP 2 Pl - BCA.-RECORTE","INDOOR"
IR,N040231,"FIBRA DROP 2 Pl - NEGRA -RECORTE",""
IR,N040239,"FIBRA DROP 4 Pl - BCA. -RECORTE","INDOOR"
IR,N040230,"FIBRA DROP 4 Pl - NEGRA -RECORTE",""
IR,N020461,"CABLE HDMI x 10 mts",""
IR,N020462,"Adaptador HDMI a DVI ",""
IR,N010710,"PLACA P/CMTS UBR-MC3GX60V",""
IR,N010711,"SFP CISCO GLC-LH-SMD CLASS 1.2",""
IR,N080924,"CEPILLO ACERO COPA 7' P/ AMOLADORA",""
IR,N080926,"BARRA ACERO 6mm",""
IR,N080927,"BARRA ACERO 12mm",""
IR,N020463,"CABLE HDMI x 20 mts",""
IR,N080935,"BARRA ACERO 8mm",""
IR,N080936,"BARRA ACERO 10mm",""
IR,N010713,"PATCH-PANEL 24 PUERTOS ETHERNET CAT.5E - 1U 19'",""
IR,N010714,"BANDEJA CIEGA 19' x25cm",""
IR,N080942,"ZAPATILLA ELECTRICA S/CABLE",""
IR,N010715,"SFP - MODULO 1,25G-10KM (x2)",""
IR,N020465,"CABLE UTP - CAT.5E EXTERIOR 4 PARES - RECORTE",""
IR,N020466,"CABLE UTP - CAT.5E INTERIOR 4 PARES - RECORTE",""
IR,N020467,"CABLE UTP - CAT.5E EXTERIOR 2 PARES - RECORTE",""
IR,N020468,"CABLE UTP - CAT 6 INTERIOR 4 PARES - RECORTE",""
IR,N020469,"PATCHCORD UTP CAT.5E RJ45-MOLEX (x9,5mts)",""
IR,N020051,"CABLE FTP CAT.5E EXTERIOR 4 PARES - RECORTE",""
IR,N080947,"BARRA PORTA EQUIPAJE HIERRO P/AUTO",""
IR,N030354,"MECHA ACERO RAPIDO 1,5mm",""
IR,N030355,"MECHA ACERO RAPIDO 2mm",""
IR,N040518,"GABINETE P/POSTE",""
IR,N080958,"TERMINAL PALA P/CABLE",""
IR,N080959,"TERMINAL OJAL P/CABLE",""
IR,N040520,"GABINETE P/POSTE - 45x45x25cm",""
IR,N030363,"MECHA ACERO RAPIDO 6,50mm",""
IR,N020471,"FUENTE POE 56V - 0,5A",""
IR,N080994,"CABLE TELEFONICO ESPIRALADO",""
IR,N020473,"MINI RECEPTOR OPT ","MODELO PTR3282C"
IR,N020476,"CABLE TPR 4X6 TIPO TALLER","ARGENPLAS"
IR,N020477,"CABLE TPR 2x4 TIPO TALLER","ARGENPLAS"
IR,N010716,"SWITCH AT-8000S 24P","24 puertos Fast Ethernet (10/100 Mbps) + 2 puertos combo Gigabit (SFP/RJ-45)"
IR,EPG,"METADATA RED DE CABLE",""
IR,N010717,"SWITCH SG2428P 24P POE",""
IR,N081011,"SOLERA GALV",""
IR,N081012,"MONTANTE GALV",""
IR,N081017,"CONECTOR METALICO",""
IR,N081026,"CABLE UNIPOLAR 1,5mm",""
IR,N081032,"ABRAZADERA",""
IR,N081035,"CABLE TPR 3x4mm",""
IR,N081036,"CABLE TPR 3x2,5mm",""
IR,N040526,"NODO OPTICO 4 SALIDA - 60V/AC (MUESTRA)","IMPORTADO"
IR,N010776,"LNB banda KU",""
IR,N081055,"CABLE VGA",""
IR,N040528,"FIBRA ADSS 12 PELOS C/PORTANTE NACIONAL","IMPORTADO"
IR,N020502,"DECODER IDS SD CABLE C/ AV CR",""
IR,N020504,"DECODER INTEK HD CABLE C/ AV HDM ",""
IR,N020506,"ANTENA DOMICILIARIA UHF 14DB ",""
IR,N020507,"ANTENA DOMICILIARIA UHF 9DB",""
IR,N040529,"PRENSACABLE ACERO 5/8'-16mm",""
IR,N040530,"FIBRA ADSS 18 PELOS NACIONAL",""
IR,N040531,"FIBRA ADSS 36 PELOS RECORTES  NACIONAL",""
IR,N040532,"FIBRA ADSS 38 PELOS RECORTES  NACIONAL",""
IR,N040533,"FIBRA ADSS 48 PELOS RECORTES  NACIONAL",""
IR,N040534,"FIBRA ADSS 72PELOS RECORTES  NACIONAL",""
IR,N040535,"NAP  24 NEGRA",""
IR,N040536,"NAP 16 NEGRA",""
IR,N040537,"PREF. RETEN. Ø 11 - 11,9 mm",""
IR,N040538,"PREF. RETEN. Ø 7 - 7,9 mm",""
IR,N040539,"PREF. RETEN. Ø 16 - 16,9 mm",""
IR,N040540,"PREF. RETEN. Ø 8 - 8,9 mm",""
IR,N040541,"PREF. RETEN. Ø 9 - 9,9 mm",""
IR,N040542,"DIVISOR 3 VIAS C/PASO DE TENSION 1 SALIDA",""
IR,N020511,"ANTENA DOMICILIARIA UHF 12DB",""
IR,N020512,"ANTENA FUNKE FFA4538 29 DB",""
IR,N010774,"SFP - MODULO 10G-300 Mts. BIFILAR MULTIMODO",""
IR,N020516,"ATENUADOR FIJO DOMICILIARIO 10db",""
IR,N030035,"KIT MEDIDOR TRANSMISOR Y RECEPTOR 7 Mhz",""
IR,N081089,"PANEL LED",""
IR,N081090,"TERMINAL OJAL GRANDE P/CABLE",""
IR,N010777,"SPLITER OPTICO 1:4 SLOT BOX",""
IR,N010778,"PIGTAIL SC/PC x 2mts",""
IR,N081098,"CANAL DE TENSIÓN x5 - S/TERMICA",""
IR,N020519,"ADAPTADOR ETHERNET C/CABLE - STARLINK",""
IR,N010095,"SPLITER OPTICO SC/UP 1:8 SLOT BOX NACIONAL",""
IR,N040543,"AMPLIFICADOR EDIF C/RETORNO 860/30",""
IR,N040544,"FUENTE NODO CISCO",""
IR,N040545,"MÓDULO MINI-BRIDGER CISCO (AMPL)",""
IR,N010779,"MEDIA CONVERTER SDI A F.O. BLACKMAGIC MINI ",""
IR,N020521,"MICRONODO OPTICO PR7332C",""
IR,N040547,"CONECTOR EMPALME SPLICE .500",""
IR,N030378,"MECHA ACERO RAPIDO",""
IR,N040550,"PREF. SUSPENSION Ø 8 a 8,9 mm NACIONAL",""
IR,N010783,"ORGANIZADOR 19' FO 24pls - BAND. DESLIZABLE C/PIGTAIL",""
IR,N010730,"S4600-28P-SI ETHERNET SWITCH",""
IR,N081135,"CONECTOR CAÑO RIGIDO ",""
IR,N010731,"POLAROTOR P/ANTENA PARABOLICA",""
IR,N010732,"FEEDER P/ANTENA PARABOLICA",""
IR,N010733,"FILTRO P/ANTENA PARABOLICA",""
IR,N010734,"DIVISOR RECTANGULAR P/ANTENA PARABOLICA",""
IR,N010735,"SONDA P/ANTENA PARABOLICA",""
IR,N010737,"DIVISOR P/MICROONDAS",""
IR,N010738,"ATENUADOR P/MICROONDAS",""
IR,N010739,"PATCHCORD LC/PC-LC/PC - MULTIMODO x30mts",""
IR,N081142,"KIT PANEL SOLAR C/BATERIA Y CARGADOR",""
IR,N062267,"CABLE ALARGUE USB MACHO/HEMBRA",""
IR,N081148,"CABLE BALANCEADO Dmx-MICROFONO-AUDIO",""
IR,N020528,"ANTENA UHF DIGITAL 28 ELEMENTOS",""
IR,N040552,"DIVISOR 2 VIAS C/PASO DE TENSION 1 SALIDA",""
IR,N040553,"DIVISOR 2 VIAS C/PASO DE TENSION 2 SALIDAS",""
IR,N040554,"DIVISOR 3 VIAS C/PASO DE TENSION 3 SALIDAS",""
IR,N081154,"CABLE TPR 3x1,5mm",""
IR,N040555,"NAP 1:12 sin spliter",""
IR,N081155,"CONECTOR CHASIS A/V- 3 PIN HEMBRA",""
IR,N040556,"PREF. RETEN. Ø 9,3 - 10,20 mm",""
IR,N020532,"DECODER IDS SD CABLE C/ AV CR S/TARJETA",""
IR,N020534,"DECODER INTEK HD CABLE C/ AV HDM S/TARJETA",""
IR,N030383,"CEPILLO ACERO COPA 4,5' P/ AMOLADORA",""
IR,N010741,"PATCHCORD LC/PC-SC/APC x10mts",""
IR,N040557,"CUERPO METALICO P/ABRAZADERA",""
IR,N010743,"MEDIA CONVERTER 40Km (x PAR)",""
IR,N062269,"CABLE USB A a USB B",""
IR,N010745,"MODULADOR FIJO CANAL 70 NACIONAL",""
IR,N010746,"MODULADOR FIJO CANAL 26 NACIONAL",""
IR,N010748,"ORGANIZADOR VERTICAL P/RACK x45U",""
IR,N040560,"PREF. SUSPENSION Ø 9 a 9,90 mm",""
IR,N081175,"CABLE UNIPOLAR 1x 1,5mm",""
IR,N081176,"CABLE TPR 1x 2,5mm",""
IR,N081177,"CONECTOR 1' PVC",""
IR,N040561,"CONECTOR P/NODO OPTICO",""
IR,N040562,"ADAPTADOR RG6 A RCA",""
IR,N020537,"PLATO ANTENA POWERBEAM PBE-M5-400",""
IR,N040563,"FIBRA ADSS 24 PELOS RECORTES",""
IR,N010750,"EDFA 24 DB - 1550- 1P",""
IR,N081181,"ETIQUETA IDENTIFICADORA P/CABLE",""
IR,N010751,"PATCHCORD LC/PC-LC/PC - MULTIMODO x10mts.",""
IR,N040178,"ANTENA DISH 5-G 30-DB C/ROCKET M5",""
IR,I010010,"SPLITER ÓPTICO DOBLE VENT.1:16 IMPORTADO","PLC-SC/APC"
IR,N040177,"PANEL SECTORIAL 120º 5G",""
IR,N010754,"SWITCH DELL N2024 ETHERNET - 2 SFP+",""
IR,N010122,"OLT 1004 - EPON 4 PUERTOS - EXO",""
IR,N010756,"MINI CONVERTER SDI-F.O. 12G - BIDIRECCIONAL",""
IR,N010757,"MACRO CONVERTER SDI a HDMI 3G - UNIDIRECCIONAL",""
IR,N010758,"PATCHCORD LC/PC-SC/APC - MONOMODO x2mts",""
IR,N010760,"PATCHCORD LC/PC-LC/PC - MULTIMODO DOBLE x3mts",""
IR,N010761,"PATCHCORD LC/PC-SC/APC - MONOMODO DOBLE x3mts",""
IR,N010762,"PATCHCORD LC/PC-SC/APC - MONOMODO DOBLE x15mts",""
IR,N0450417,"MENSULA FRATACHO",""
IR,N010763,"PATCHCORD LC/PC-LC/PC - MULTIMODO DOBLE x5mts",""
IR,N010764,"PATCHCORD LC/PC-LC/PC - MULTIMODO DOBLE x2mts",""
IR,N0450418,"MORSETO AISLADO P/DERIVACION",""
IR,N0450419,"SUSPENSION PREF.",""
IR,N0450420,"RETENCIONES PREF.",""
IR,N0450421,"FIBRA ADSS - 192 PELOS",""
IR,N020543,"MINI TAP 20 dB 1 SALIDA",""
IR,N020544,"MINI TAP 14 dB 8 SALIDAS",""
IR,N020545,"MINI TAP 11 dB 8 SALIDA",""
IR,N020546,"CABLE TPR 2x 1mm NACIONAL",""
IR,N081206,"CABLE CONCENTRICO",""
IR,N081212,"HIERRO ANGULO",""
IR,N020547,"CABLE UTP - CAT.5E INTERIOR 4 PARES 100% COBRE",""
IR,N020548,"CABLE UTP - CAT.5E EXTERIOR 4 PARES 100% COBRE",""
IR,N040565,"ESTACION AMPLIFICADORA COAXIL",""
IR,TENDIDO,"TENDIDO DE FIBRA OPTICA",""
IR,N081214,"CABLE TPR",""
IR,N081215,"BANDEJA PERFORADA PORTACABLES - GALV.",""
IR,N081216,"TAPA P/BANDEJA PERFORADA PORTACABLES - GALV.",""
IR,N040566,"FIBRA OPTICA ASU - 12 PELOS",""
IR,I040566,"FIBRA OPTICA ASU - 12 PELOS","IMPORTADO"
IR,N040567,"RADIO ENLACE AirFiber 5XHD 5GHz - UBIQUITI",""
IR,N040568,"ANTENA DIRECCIONAL RD-5G34 5 GHz 34 Dbi - UBIQUITI",""
IR,N040569,"ADAPTADOR ANTENA AF-5G-OMT-S45 - UBIQUITI",""
IR,N040570,"TORRE ANTENA - MODULAR",""
IR,N0450422,"CONECTOR EMPALME SPLICE .500 ARMADO LABORATORIO",""
IR,N020550,"FUENTE POE",""
IR,N020551,"MENSULA",""
IR,N020555,"PATCHCORD UTP - CAT 6 x5mt NACIONAL",""
IR,N020556,"AP EKIT WIFI6 AX1800 1GE POE - HUAWIE",""
IR,N010790,"S4200-28P-P-SI (R2)-SWITCH POE+370 W",""
IR,I010790 ,"S4200-28P-P-SI (R2)-SWITCH POE+370 W-IMPORTADO","IMPORTADO"
IR,I010791,"S4200-10P-P-SI(R2)-SWITCH POE+COMPACTO IMPORTADO","IMPORTADO"
IR,N010791,"S4200-10P-P-SI(R2)-SWITCH POE+COMPACTO",""
IR,N010792,"S4200-28P-SI(R3)-SWITCH DATOS GIGABIT",""
IR,I010792,"S4200-28P-SI(R3)-SWITCH DATOS GIGABIT- IMPORTADO","IMPORTADO"
IR,I010793,"S4600-12X-SI-SWITCH FIBRA 10G-IMPORTADO","IMPORTADO"
IR,N010793,"S4600-12X-SI-SWITCH FIBRA 10G",""
IR,N010794,"ENCODER NDS3236S MUTI-CANAL",""
IR,I010794,"ENCODER NDS3236S MUTI-CANAL- IMPORTADO","IMPORTADO"
IR,I010384,"CONECTOR FAST SC/UPC ESC250D-IMPORTADO","IMPORTADO"
IR,I010385,"CONECTOR FAST SC/APC 18-10mm- IMPORTADO","IMPORTADO"
IR,I010386,"CONECTOR FAST SC/UPC 18-10mm-IMPORTADO","IMPORTADO"
IR,I010387,"CONECTOR FAST SC/APC 29.4-19.4-IMPORTADO","FMC MODEL D"
IR,I010388,"CONECTOR FAST SC/UPC 29.4-19.4- IMPORTADO","IMPORTADO"
IR,I010389,"CONECTOR FAST SC/APC 35.1-24mm- IMPORTADO","IMPORTADO"
IR,I010390,"CONECTOR FAST SC/UPC 35.1-24mm- IMPORTADO","IMPORTADO"
IR,I010391,"CONECTOR FAST SC/APC 29.4-19.4-IMPORTADO","WEDGE.TYPE MODEL B"
IR,I010392,"CONECTOR FAST SC/UPC 29.4-19.4-IMPORTADO","IMPORTADO"
IR,I010705,"MODULADOR DSM2500C-IPtoANALOG - 64en1","IMPORTADO"
IR,N010270,"SWITCH GIGABIT",""
IR,N010796,"MEDIA CONVERTE A/V- CONEXIÓN SFP-(xPAR)",""
IR,N010797,"SPLITER SATELITAL 3X4 ",""
IR,N020557,"CABLE UTP - CAT.5E 4 PARES 100% COBRE - RECORTE",""
IR,N010799,"PATCHCORD LC/PC-SC/PC - MONOMODO x10mts",""
IR,N010800,"PATCHCORD LC/APC-SC/PC - MONOMODO x10mts",""
IR,N010319,"ORGANIZADOR HORIZONTAL 19' P/RACK - O-1US",""
IR,N081234,"CHAPA",""
EN,TARJ128G,"MEMORIA MICRO-SD ST2-128-S1 ","IMOU"
EN,TARJ256G,"MEMORIA MICRO-ST2-256GB-S1","IMOU"
EN,FUEN5V,"FUENTE 5V-1A USB ",""
EN,N020124,"FUENTE 12V-1A - PIN 5,5*2,5 NACIONAL","GREATPOWER"
EN,I020124,"FUENTE 12V-1A - PIN 5,5*2,5 IMPORTADO","GREATPOWER"
EN,I020123,"FUENTE 12V-1,5A - PIN 5,5*2,1 IMPORTADO","GREATPOWER"
EN,N020123,"FUENTE 12V-1,5A - PIN 5,5*2,1 NACIONAL","GREATPOWER"
EN,I010053,"UPS 5000VA - 230V IMPORTADO","APC SMART"
EN,N010053,"UPS 5000VA - 230V NACIONAL","APC SMART"
EN,I010057,"UPS 3000VA IMPORTADO",""
EN,N010057,"UPS 3000VA NACIONAL",""
EN,N010126,"ILUMINADOR 5-W P/RACK NACIONAL",""
EN,N010129,"GABINETE ESTANCO S9000 NACIONAL",""
EN,I010146,"ESTABILIZADOR 1000VA- 6 TOMAS IMPORTADO","ATOMLUX"
EN,N010146,"ESTABILIZADOR 1000VA- 6 TOMAS","ATOMLUX"
EN,N010147,"SOPORTE P/TV LCD-LED NACIONAL",""
EN,N010266,"TRANSFORMADOR 24V.CA.3A NACIONAL",""
EN,N010274,"GABINETE PC RACKEABLE 4U NACIONAL","58X54,5X24"
EN,I010274,"GABINETE PC RACKEABLE 4U IMPORTADO","58X54,5X24"
EN,N010275,"TRANSFORMADOR 220V NACIONAL",""
EN,N010318,"UPS DX1000 AR - 1kVA NACIONAL",""
EN,I010318,"UPS DX1000 AR - 1kVA IMPORTADO","APC SMART"
EN,010325,"PILA AAA - COMUN",""
EN,N010338,"EVS5024S-R STORAGE NACIONAL",""
EN,I010338,"EVS5024S-R STORAGE IMPORTADO","DAHUA"
EN,N010339,"IVSS7016-8I SERVIDOR NACIONAL",""
EN,I010339,"IVSS7016-8I SERVIDOR IMPORTADO","DAHUA"
EN,I010342,"FUENTE 36V-2A - PIN 5.5*2.1 IMPORTADO","DAHUA"
EN,N010342,"FUENTE 36V-2A - PIN 5.5*2.1 NACIONAL",""
EN,I010344,"FUENTE 36V-2A - SIN PIN 5.5*2.1 IMPORTADO","DAHUA"
EN,TARJGPS,"TARJETA GPS",""
EN,I020036,"ROCKET M5 UBNT AP C/FUENTE IMPORTADO","UBIQUITI"
EN,N020036,"ROCKET M5 UBNT AP C/FUENTE NACIONAL","UBIQUITI"
EN,I020040,"ROCKET M2 C/FUENTE IMPORTADO","UBIQUITI"
EN,N020040,"ROCKET M2 C/FUENTE NACIONAL","UBIQUITI"
EN,Nutanix,"Sistema de cómputo - Servidor de alta disponibilidad","Nutanix - Hadware + Software"
EN,N010344,"FUENTE 36V-2A - SIN PIN 5.5*2.1 NACIONAL",""
EN,N020092,"FUENTE 15 V- 2A NACIONAL",""
EN,N020101,"FUENTE 12 V P/SET-TOP-BOX NACIONAL",""
EN,020113,"FUENTE 5V 2A - USB",""
EN,N020133,"FUENTE 24V- 1,2A p/RB2011/3011 NACIONAL",""
EN,N020146,"FUENTE 12 V-1,25A C/INTERLOCK NACIONAL",""
EN,N020156,"FUENTE 15 V- 1,5A",""
EN,I020176,"FUENTE 12 V- 2A DS-26FSG-12 IMPORTADO",""
EN,N020176,"FUENTE 12 V- 2A DS-26FSG-12 NACIONAL",""
EN,N020177,"FUENTE 12 V- 4A  ADS-65HI-12N NACIONAL",""
EN,N020203,"FUENTE 12 V- 2A",""
EN,I020208,"FUENTE/CARGADOR 5V-1A USB IMPORTADO","GREATPOWER"
EN,N010401,"UPS 20Kva c/BATERIA INTERNA ",""
EN,I040147,"ADAPTADORES SC/PC IMPORTADO",""
EN,N040147,"ADAPTADORES SC/PC NACIONAL",""
EN,N040213,"LAMPARA LED P/CALLE NACIONAL","9200 LM 80W"
EN,N060070,"MONITOR PLANO 24' NACIONAL","EXO"
EN,N060084,"MONITOR LED 24' LF24T350FHLCZB NACIONAL","SAMSUNG"
EN,I060091,"DISCO RIGIDO MQ01ABD100V IMPORTADO","PORTATIL DAHUA"
EN,N060091,"DISCO RIGIDO MQ01ABD100V NACIONAL","PORTATIL DAHUA"
EN,I060094,"MEMORIA MICRO-SD TF-S100/128GB IMPORTADO","DAHUA"
EN,N060094,"MEMORIA MICRO-SD TF-S100/128GB NACIONAL","DAHUA"
EN,N080070,"MONITOR MLCDF7-T P/MOVIL NACIONAL","DAHUA"
EN,I080070,"MONITOR MLCDF7-T P/MOVIL IMPORTADO","DAHUA"
EN,090000,"PC Armada Intel C l3 + 8 Gb Ram Ssd 240 Gab W10 Offic",""
EN,N010403,"UPS ABB DPA ST 40Kva - 120Kva C/BATERIA NACIONAL",""
EN,NOTE,"NOTEBOOK",""
EN,N010405,"SERVIDOR DELL R710 ",""
EN,N060104,"DISCO SSD RGB-480GB - KINGSTON",""
EN,N020208,"FUENTE/CARGADOR 5V-1A USB NACIONAL","GREATPOWER"
EN,010288,"UPS KSTAR - YDC33-40KVA-32BAT.-UXL9-12  NACIONAL",""
EN,N060105,"DISCO SSD 240GB ",""
EN,N010409,"ARMARIO DE BATERIAS RITTAL",""
EN,N010408,"BATERIAS KBL 12650 P/UPS ABB",""
EN,FUENTE PROVIDERS,"FUENTE",""
EN,N060106,"DISCO RIGIDO 12TB- IRON WOLF NACIONAL",""
EN,I060106,"DISCO RIGIDO 12TB- IRON WOLF IMPORTADO",""
EN,N060107,"DISCO RIGIDO 14TB- IRON WOLF NACIONAL",""
EN,I060107,"DISCO RIGIDO 14TB- IRON WOLF IMPORTADO",""
EN,I060108,"DISCO RIGIDO 12TB - 6Gb/s IMPORTADO",""
EN,N060108,"DISCO RIGIDO 12TB - 6Gb/s NACIONAL",""
EN,N060112,"GABINETE PC + KIT TECLADO Y MOUSE",""
EN,N060113,"DISCO SSD 256GB ",""
EN,N010412,"SERVIDOR NETFLIX MOD. 2U GLOBAL NACIONAL",""
EN,I010412,"SERVIDOR NETFLIX MOD. 2U GLOBAL IMPORTADO",""
EN,N010413,"UPS MONOFÁSICA 10Kva RT",""
EN,N060114,"NOTEBOOK INSPIRON 15- 3511 i7-1165G7 8GB",""
EN,N060116,"PILAS CR2032 P/PLACA MADRE PC",""
EN,N060117,"BATERIAS 9V-1",""
EN,N040035,"FUENTE FERRORESONANTE 60V NACIONAL",""
EN,N060118,"MEMORIA P/PC - 8GB RAM DDR4",""
EN,N060119,"VENTILADOR P/PARED 32'",""
EN,090006,"Parlante p/PC",""
EN,090007,"Monitor NOC 15'",""
EN,N060120,"GABINETE PC",""
EN,N040401,"GABINETE P/POSTES NACIONAL","MAXENER"
EN,N060121,"DISCO RIGIDO 8-TB -PURPLE NACIONAL ",""
EN,N060016,"DISCO RIGIDO 2-TB -CAVI.PURPLE NACIONAL","WESTERN DIGITAL"
EN,090303,"PC ARMADA INTEL I3 -240GB - PROH410M-B",""
EN,N010424,"RACK MURAL 19” 12U - PTA.CRISTAL -64x60x50cm",""
EN,N010128,"GABINETE ESTANCO METALICO 300x300x100 NACIONAL",""
EN,N060093,"DISCO RIGIDO SSD-S820GS1TB NACIONAL","PORTATIL DAHUA"
EN,I060093,"DISCO RIGIDO SSD-S820GS1TB IMPORTADO","PORTATIL DAHUA"
EN,N060069,"PC EXO READY C2-V5448-i5 NACIONAL",""
EN,060070,"PC i7-Tb 16Gb RAM GRAFICO HD +HDD 2T-PURPLE  NACIONAL",""
EN,DISCO,"DISCO RIGIDO 8TB",""
EN,FUENTE,"FUENTE DH-PFS4218-16GT-190",""
EN,FUENTE12,"FEUNTE 12V 1,5A",""
EN,N010427,"FUENTE SWITCHING FSM150H - 48X",""
EN,N020300,"FUENTE 12V - 1,67A",""
EN,TARJETAACOBRAR,"Tarjeta de Credito a Cobrar","Cobros de abonados con tarjeta"
EN,N060122,"DISCO RIGIDO 8TB- IRONWOLF NACIONAL",""
EN,090312,"PC ARMADA i5 - 8GB - 240gb ",""
EN,N040036,"FUENTE PARA AMPLIF. MAGNAVOX",""
EN,N010437,"RACK MURAL 19' - 4u - P.CRISTAL",""
EN,N030098,"LINTERNA RECARGABLE 12V C/BATERIA",""
EN,N010441,"RACK ABIERTO P/40 UNIDADES 19' ",""
EN,N010442,"GABINETE ESTANCO METALICO CON LLAVES TERMICAS 420X580X250 MM",""
EN,N060007,"MINI-PC EXO BITSY-XQ -V5488S NACIONAL",""
EN,N060008,"MONITOR 17' P/PC NACIONAL",""
EN,N060123,"PLACA DE RED USB 3.0 - P/NOTEBOOK- NACIONAL",""
EN,N010443,"FUENTE DE 30V",""
EN,N010445,"FUENTE 5V - 0,6A",""
EN,100022,"Computadora de escritorio microprocesador Intel Core I5 9400 3.5GHz 4 núcleos, memoria RAM DDR4 8Gb 2666 MHz, disco rígido 1Tb, placa madre Asus MSI H-310-pro",""
EN,100035,"Estabilizador de tensión atomlux",""
EN,100044,"Gabinete Metalico Estanco 400x300x160mm",""
EN,100045,"Gabinete Metalico Estanco Tradicional 600x500x260mm",""
EN,100047,"Interruptor dif. Bipolar 25A 30mA",""
EN,100048,"Interruptor dif. Bipolar 40A 30mA",""
EN,100049,"Interruptor termomagnetico bipolar 25A",""
EN,100050,"Interruptor termomagnetico Bipolar de 10A",""
EN,100051,"Interruptor termomagnetico Bipolar de 16A",""
EN,100064,"Rack mural",""
EN,100071,"Toma corriente hembra X2u",""
EN,N060124,"PC i5 4.30GHZ SSD-240GB 8GB DDR4",""
EN,100100,"DISCO RIGIDO MQ01ABD100V IMPORTADO",""
EN,100101,"MONITOR MLCDF7-T P/MOVIL IMPORTADO",""
EN,100122,"Caja Ext Impermeable Tapa Ip65 Con Toma Doble","Caja Ext Impermeable Tapa Ip65 Con Toma Doble"
EN,100125,"Computadora de escritorio microprocesador Intel Core I5 , memoria RAM DDR4 4Gb 2666 MHz, disco rígido 1Tb, placa madre Asus MSI H-310-pro; Monitor 19''; Gabinete, mouse, teclado y parlantes","Computadora de escritorio microprocesador Intel Core I5 , memoria RAM DDR4 4Gb 2666 MHz, disco rígido 1Tb, placa madre Asus MSI H-310-pro; Monitor 19''; Gabinete, mouse, teclado y parlantes"
EN,100128,"Gabinete metalico Din 30x30x12","Gabinete metalico Din 30x30x12"
EN,100129,"Interruptor diferencial Bipolar 40 A 30mA","Interruptor diferencial Bipolar 40 A 30mA"
EN,100130,"Interruptor termomagnetico Bipolar 32 A","Interruptor termomagnetico Bipolar 32 A"
EN,100136,"R On-line 1 KVA UPS, 0.90pf DELTA - Serie RT 1KVA","R On-line 1 KVA UPS, 0.90pf DELTA - Serie RT 1KVA"
EN,100138,"RACKP-30U-800 RACK PIE 19'","RACKP-30U-800 RACK PIE 19'"
EN,100137,"RACK MURAL 6U -500mm - 19' Puerta de Cristal","RACK MURAL 6U -500mm - 19' Puerta de Cristal"
EN,100147,"Computadora de escritorio microprocesador Intel Core I5 , memoria RAM DDR4 8Gb 2666 MHz, disco rígido 1Tb, placa madre Asus MSI H-310-pro; Monitor 19''; Gabinete, mouse, teclado y parlantes","Computadora de escritorio microprocesador Intel Core I5 , memoria RAM DDR4 8Gb 2666 MHz, disco rígido 1Tb, placa madre Asus MSI H-310-pro; Monitor 19''; Gabinete, mouse, teclado y parlantes"
EN,N060126,"MONITOR LCD 19' p/PC",""
EN,N090001,"PC ARMADA AMD RYZEN 3 3200G - 8GB – SSD240GB",""
EN,N090002,"PC AMD RYZEN 3 - SSD-240GB 8GB",""
EN,N010500,"CARGADOR DE BATERIAS ADAX TECNA 48/45",""
EN,N010506,"UPS 2 KVA",""
EN,N010512,"ESTANTERIA PARA EQUIPOS (TIPO RACK)  FABRICACION PROPIA'",""
EN,N010516,"RACK CERRADO P/40 UNIDADES 19'",""
EN,N010517,"SERVIDOR PROLIANT DL360 GEN10",""
EN,N010518,"SERVIDOR PROLIANT DL380 GEN10",""
EN,N010519,"RECTIFICADOR 48 A 220V",""
EN,N020401,"FUENTE 12 V- 2A CDB",""
EN,N020402,"FUENTE 12V 1,25A CDB",""
EN,N020404,"FUENTE 12V 0,5A CDB",""
EN,N020405,"FUENTE 12V-1A ",""
EN,N020406,"FUENTE 9V 0,6A",""
EN,N020410,"FUENTE 12V 0.75A CDB",""
EN,N040502,"BATERIA 12V 180 A",""
EN,N060200,"CPU",""
EN,N060203,"CPU RACKEABLE",""
EN,N060210,"MONITOR LED 14'",""
EN,N090107,"AIRE ACONDICIONADO 3500 FRIGORIAS",""
EN,N010522,"RACK METALICO 132X54X60 cm- X23 UNIDADES",""
EN,N010523,"FUENTE INTERNA 24V-5A",""
EN,N010136,"TORNILLO M5 C/TUERCA JAULA P/RACK GABITEL",""
EN,N030307,"DISCO CORTE 4,5'-115x1,60mm",""
EN,UPS,"MANTENIMIENTO UPS Y GRUPO ELECTROGENO",""
EN,010326,"PILA AA - COMUN",""
EN,N080103,"TIRA LUZ LED RGB x 5mts. C/FUENTE",""
EN,N020422,"FUENTE 24V-0,8A",""
EN,N020423,"FUENTE SWITCHING 24V-1,2//8V-0,7A",""
EN,N020424,"FUENTE 12V-2A C/INTERLOCK TIPO 8",""
EN,N020425,"FUENTE 15V-1,5A S/INTERLOCK TIPO 8",""
EN,N020429,"FUENTE 9V-0,85A",""
EN,100150,"DISCO RIGIDO SSD-S820GS1TB	",""
EN,N060216,"MONITOR LED 22'",""
EN,N060217,"FUENTE/CARGADOR PARA NOTEBOOK",""
EN,N020433,"FUENTE 12V-3A",""
EN,N020434,"FUENTE 9V-2,5A",""
EN,N020435,"FUENTE 3V-1A",""
EN,N020436,"FUENTE 5V-0,7A",""
EN,N060218,"LECTOR DVD P/UPS",""
EN,N060219,"FUENTE 400W P/PC",""
EN,N060221,"PLACAS PC",""
EN,N060222,"COOLER P/PC",""
EN,N010687,"TRANSFORMADOR 24V-4A",""
EN,N010691,"GABINETE PC RAQUEABLE",""
EN,N060224,"FUENTE 550W P/PC  LECTOR DVD P/PC",""
EN,N060225,"LECTOR DVD P/PC",""
EN,N060226,"DISCOS RIGIDOS P/PC",""
EN,N030314,"DISCO FLAP 4,5' - 115mm",""
EN,N030315,"DISCO DESBASTE 115mm",""
EN,N030123,"FUENTE DE LABORATORIO Utp3315tfl-ii - 0-30V 0-5A",""
EN,N010524,"SERVIDOR HP PROLIANT MICROSERVER GEN8",""
EN,N020455,"FUENTE 15V-2A",""
EN,N010702,"BATERIA KAISE 7.2Ah KB 1272",""
EN,N030328,"DISCO WIDIA 4,5'-115mm",""
EN,N030334,"DISCO CORTE 7'- 180MM",""
EN,N030337,"DISCO SENSITIVA 14'- 350mm",""
EN,N030338,"DISCO DESBASTE 7' -180mm",""
EN,N010446,"MINI RACK ABIERTO x90cm",""
EN,N010060,"RACK METALICO ABIERTO x2mts.",""
EN,N080833,"PILAS AA RECARGABLE",""
EN,N080835,"TOMA SIMPLE AEREO 10A",""
EN,N080865,"COOLER CHICO 24V",""
EN,N010175,"SERVIDOR IBM SYSTEM X3550 - M3",""
EN,N010706,"RACK ABIERTO P/30 UNIDADES - 19'",""
EN,N080891,"TOMA PARA EMBUTIR  ",""
EN,N062239,"DISCO RIGIDO 8TB- WESTERN DIGITAL RED PLUS",""
EN,N020459,"FUENTE 48V-2A",""
EN,N062241,"MONITOR LG 34' GAMER 34GP63A CURVO 160HZ WQHD",""
EN,N090003,"PC ESCRITORIO INTEL CORE17, MEM RAM DDR5 16Gb 5600MHz, PLACA MADRE MB H610MH; Monitor 19''; Gabinete",""
EN,N080920,"PFM374-L45 CAJA P/BATERIAL SOLAR",""
EN,N080934,"LAMPARA LED 11W",""
EN,N010712,"RACK 22U -600mm - 19' Puerta de Cristal",""
EN,N080938,"AIRE ACONDICIONADO 3000 FRIGORIAS",""
EN,N080943,"LLAVE TERMICA 2x15A",""
EN,N062246,"PLACA DE AUDIO P/PC",""
EN,N080962,"INTERRUPTOR DIFER. TETRAPOLAR 63A",""
EN,N030358,"PISTOLA AIRE P/COMPRESOR",""
EN,N080978,"CARGADOR DE PILAS AA/AAA",""
EN,N020472,"FUENTE 3V 2,5A",""
EN,N062251,"MONITOR",""
EN,N080987,"TV LED",""
EN,N062252,"DISCO EXTRAIBLE",""
EN,N062253,"NOTEBOOK",""
EN,N080991,"DISCO RIGIDO HDD",""
EN,N080992,"BATERIA 20V-2A P/TALADRO",""
EN,N080993,"PILA",""
EN,N020474,"FUENTE 6V -2A",""
EN,N020475,"FUENTE 15V -1A",""
EN,N062257,"PC ARMADA",""
EN,N020478,"FUENTE 12V-5A",""
EN,N020479,"FUENTE 5V-1A",""
EN,VPS,"VPS y MANTENIMIENTO DE SERVIDOR",""
EN,N062259,"DISIPADOR Y COOLER",""
EN,N062260,"MEMORIA RAM 64 GB",""
EN,I062259,"DISIPADOR Y COOLER-IMPORTADO",""
EN,I062260,"MEMORIA RAM 64 GB-IMPORTADO",""
EN,N081025,"PILA 12V 23A",""
EN,N081031,"FUENTE SWITCHING 24V-5A",""
EN,N081034,"LLAVE TERMICA 2X25A",""
EN,N081037,"TOMA DOBLE AEREO 10",""
EN,N081041,"INTEGRADO FUENTE P/NODO",""
EN,N081042,"AIRE ACONDICIONADO 4500 FRIGORIAS",""
EN,N081043,"EXTRACTOR DE AIRE ",""
EN,N020500,"FUENTE 12V-2,5A - PIN 5,5*2,5 (MUESTRAS)",""
EN,N010773,"GABINETE METALICO",""
EN,N030371,"DISCO FLAP 7' - 180mm",""
EN,N081051,"USB PRINTER SERVER",""
EN,N081053,"LLAVE TERMICA",""
EN,N081054,"VENTILADOR DE PIE",""
EN,N010114,"ILUMINADOR 16-W P/RACK",""
EN,N020503,"DECODER INTEK HD AIRE C/ AU HDM ",""
EN,N020508,"FUENTE 24V 4A-UNIVERSAL",""
EN,N020509,"FUENTE 12V 3A",""
EN,N020510,"FUENTE 9V 1A",""
EN,N081056,"LAMPARA LED ",""
EN,N081079,"LLAVE 1 PUNTO Y 1 TOMA",""
EN,N081080,"LLAVE 1 TOMA ",""
EN,N081088,"VENTILADOR DE PARED",""
EN,N081091,"CINTA TERMICA",""
EN,N081097,"GABINETE",""
EN,N010727,"UPS 6000VA",""
EN,N081120,"AIRE COMPRIMIDO EN AEROSOL",""
EN,N081124,"PILA A23",""
EN,N081127,"FILTRO AIRE P/DESMALEZADORA",""
EN,N040551,"FUENTE CON DESCRIPCIÓN EN PARTIDA",""
EN,N081128,"Fuente step down ajustable 1,25V-35V",""
EN,N081130,"PLAFON P/LISTON LED",""
EN,N020527,"FUENTE 5V 3A",""
EN,N062265,"MEMORIA RAM",""
EN,N062266,"DISCO SSD",""
EN,N010740,"RACK CERRADO P/14 UNIDADES 19'",""
EN,N020531,"DECODER IDS S/TARJETA",""
EN,N020533,"DECODER INTEK HD AIRE C/ AU HDM S/TARJETA",""
EN,N081161,"FUENTE P/PC",""
EN,N010742,"RACK METALICO DOBLE P/36 UNIDADES 19'",""
EN,N010744,"GABINETE ESTANCO METALICO 200x200x100",""
EN,N010747,"RACK ABIERTO P/45 UNIDADES",""
EN,N010749,"RACK MURAL 19' - 9U C/PUERTA",""
EN,N081179,"ESTABILIZADOR DE TENSION",""
EN,N081180,"DISYUNTOR",""
EN,N010753,"BATERIA 12V 5AH",""
EN,N020538,"FUENTE INUSUAL ",""
EN,N081187,"COOLER 48V",""
EN,I081187,"COOLER 48V",""
EN,N081189,"BATERIA RECARGABLE",""
EN,N030396,"ALARGUE PROLONGADOR ELECTRICO",""
EN,N010755,"PLACA DE RED P/UPS",""
EN,N080195,"AIRE ACONDICIONADO 5300 FRIGORIAS",""
EN,N080196,"AIRE ACONDICIONADO 6900 FRIGORIAS",""
EN,N080197,"AIRE ACONDICIONADO 9000 FRIGORIAS",""
EN,N010759,"SERVIDOR HP DL360 G11-8C-32GB VERIMATRIX",""
EN,I010759,"SERVIDOR HP DL360 G11-8C-32GB VERIMATRIX- importado",""
EN,N081199,"AMPLIF. AURICULARES HA400 4 CANALES 12V",""
EN,N010765,"UPS ONLINE",""
EN,N020542,"FUENTES FALLADOS 12V",""
EN,N010767,"UPS",""
EN,N081205,"COOLER 220V",""
EN,N010770,"RACK CERRADO P/30 UNIDADES 19'",""
EN,N081208,"TOMA AEREO 20A",""
EN,N081209,"AIRE ACONDICIONADO",""
EN,N010771,"BATERIA",""
EN,N010772,"TARJETA SNMP WINPOWER P/UPS",""
EN,N010784,"SERVIDOR S904G3-S216-I WUZHOU",""
EN,I010786,"SERVIDOR WUZHOU S423G3 2xXEON SILVER 2x64GB-RAM SSD-480GB HDD-4TB","IMPORTADO"
EN,N010785,"BANCO DE BATERIAS P/UPS",""
EN,N010786,"SERVIDOR WUZHOU S423G3 2xXEON SILVER 2x64GB-RAM SSD-480GB HDD-4TB",""
EN,N010329,"SERVIDOR 1288H-V5- 8*2.5",""
EN,N010330,"SERVIDOR 1288H-V5- 4*3.5",""
EN,N010328,"SERVIDOR 2288H-V5- 12",""
EN,N030405,"DISCO WIDIA 7'-180mm",""
EN,N010788,"RACK ABIERTO 19' DOBLE P/40 UNIDADES",""
EN,N020558,"FUENTE 12V-3,5A",""
EN,N010801,"RACK MURAL 6U -500mm - 19' Puerta de Cristal",""
EN,N010316,"RACK CERRADO P/45 UNIDADES 19'",""
EN,N010314,"PUERTA RACK 19' P/45 UNIDADES",""
HE,Proyecto,"Proyecto Integral Llave en Mano",""
HE,N030004,"ARCO SIERRA FIJA S/HOJA NACIONAL",""
HE,N030009,"LLAVE FRANCESA 8' NACIONAL",""
HE,N030023,"GUANTE DE VAQUETA CORTA NACIONAL","PAR"
HE,N030026,"TALADRO 13MM CON PERCUTOR NACIONAL",""
HE,N030029,"CAJA DE HERRAMIENTA METALICA NACIONAL",""
HE,N030040,"CORTADORA DE F.O.- J-903 NACIONAL","CLEAVER"
HE,I030040,"CORTADORA DE F.O.- J-903 IMPORTADO","CLEAVER"
HE,N030044,"ESCALERA TIJERA MADERA NACIONAL",""
HE,N030062,"FUSIONADORA T-307H NACIONAL","SKC"
HE,I030062,"FUSIONADORA T-307H IMPORTADO","SKC"
HE,I030076,"MEDIDOR CAMPO HT8550 IMPORTADO","LEVEL METER CO.NET"
HE,N030076,"MEDIDOR CAMPO HT8550 NACIONAL","LEVEL METER CO.NET"
HE,N0301000,"CORTADORA DE F.O.- SC-30 NACIONAL","CLEAVER NACIONAL"
HE,030102,"PINZA REMACHADORA POP",""
HE,030105,"HOJA P/SIERRA FIJA 24 DIENTES",""
HE,030107,"LLAVE COMBINADA 10mm",""
HE,030108,"LLAVE COMBINADA 11mm",""
HE,030109,"LLAVE COMBINADA 12mm",""
HE,030110,"LLAVE COMBINADA 13mm",""
HE,030111,"LLAVE COMBINADA 14mm",""
HE,030112,"LLAVE COMBINADA 15mm",""
HE,030114,"LLAVE COMBINADA 18mm",""
HE,030115,"LLAVE COMBINADA 20mm",""
HE,030116,"LLAVE COMBINADA 21mm",""
HE,030117,"LLAVE COMBINADA 23mm",""
HE,030118,"LLAVE COMBINADA 8mm",""
HE,030119,"LLAVE COMBINADA 9mm",""
HE,030120,"LLAVE FRANCESA 10'",""
HE,I030126,"FUSIONADORA 208H IMPORTADO","SKC"
HE,N030126,"FUSIONADORA 208H NACIONAL","SKC"
HE,N030128,"OTDR TM290-22/20DB- HANDY NACIONAL","T&M"
HE,I030128,"OTDR TM290-22/20DB- HANDY IMPORTADO","T&M"
HE,I030129,"OTDR TMO300-SM-C 32/30DB IMPORTADO","T&M"
HE,N030129,"OTDR TMO300-SM-C 32/30DB NACIONAL","T&M"
HE,I030131,"MEDIDOR CAMPO TM981 IMPORTADO","METER T&M"
HE,N030131,"MEDIDOR CAMPO TM981 NACIONAL","METER T&M"
HE,I030132,"PINZA DE TRAFICO F.O. TM401 IMPORTADO","C/ESTUCHE- T&M"
HE,N030132,"PINZA DE TRAFICO F.O. TM401 NACIONAL","C/ESTUCHE- T&M"
HE,I030133,"KIT HERRAMIENTA P/FTTH T&M IMPORTADO","5 ELEMENTO+ESTUCH"
HE,N030133,"KIT HERRAMIENTA P/FTTH T&M NACIONAL","5 ELEMENTO+ESTUCH"
HE,N030134,"CORTADORA BUFFER/TUBO NACIONAL","T&M"
HE,I030134,"CORTADORA BUFFER/TUBO IMPORTADO","T&M"
HE,I030136,"CORTADORA LONGITUD F.O. SHEALT IMPORTADO","10 a 25 mm Ø -T&M"
HE,N030136,"CORTADORA LONGITUD F.O. SHEALT NACIONAL","10 a 25 mm Ø -T&M"
HE,030150,"PINZA UNIVERSAL 6' / 8'",""
HE,030155,"LLAVE T C/TUBO EXAG-8mm LARGA",""
HE,030156,"LLAVE T C/TUBO EXAG-9mm LARGA",""
HE,030157,"LLAVE T C/TUBO EXAG-10mm LARGA",""
HE,030158,"LLAVE T C/TUBO EXAG-13mm LARGA",""
HE,030159,"LLAVE T C/TUBO EXAG-14mm LARGA",""
HE,030160,"LLAVE T C/TUBO EXAG-16mm LARGA",""
HE,030161,"PINZA PICO LORO 6'",""
HE,N030163,"TESTER MULTIMETRO DIGITAL","C/CAPACIMETRO"
HE,030100,"CORTADORA DE F.O.- SC-30","CLEAVER"
HE,N030104,"CORTADORA DE F.O.- VARIAS","VARIOS MODELOS, NO SUPIERON DETALLAR CUANDO PASE EL STOCK.-"
HE,030030,"ESCALERA EXT. 13/26 PELD.","NARANJA C/VAINA"
HE,030064,"HERRAMIENTA P/SANGRADO LONGITUDINAL DE F.O De 1,5 a 3,3",""
HE,N030142,"PISTOLA APLICA SILICONA ",""
HE,090305,"ESCALERA TIPO TIJERA DE 5 PELDAÑOS MADERA",""
HE,090308,"AMOLADORA ANGULAR 1100W",""
HE,090309,"TALADRO INDUSTRIAL DE PIE",""
HE,N030005,"DESTOR. PHILLIP MEDIANO ",""
HE,N030008,"DESTOR. PLANO MEDIANO ",""
HE,N030162,"DESTOR. PLANO GRANDE",""
HE,N030146,"PINZA PUNTA MEDIA CAÑA",""
HE,N030164,"DESTOR. SACA TRAMPA",""
HE,N030165,"DESTOR. TORX MEDIANO",""
HE,N030166,"DESTOR. TORX PEQUEÑO",""
HE,N030171,"LLAVE HALEM CHICA",""
HE,N050001,"ARNES DE SEGURIDAD",""
HE,N050003,"GUANTES DE ALTO IMPACTO",""
HE,N030187,"PINZA AMPERIMETRICA",""
HE,N030189,"TALADRO 900W",""
HE,N030190,"LLAVE FRANCESA 12'",""
HE,N030192,"TALADRO/ATORNILLADOR INALAMBRICO",""
HE,N030193,"LLAVE COMBINADA 17 MM",""
HE,N030197,"KIT PESTAÑADORA Y CORTADORA",""
HE,100014,"Caja Para Llave TérmicaExterior 4 A 8 Módulos Con Tapa",""
HE,N030202,"CAJA DE HERRAMIENTAS PLASTICA C/BAND.",""
HE,N030151,"MECHA WIDIA 6 mm",""
HE,N030152,"MECHA WIDIA PASA MURO 10 mm",""
HE,N030153,"MECHA WIDIA 6x110 mm P/ENCASTRE",""
HE,N030154,"MECHA WIDIA PASA MURO 10mm P/ENCASTRE",""
HE,N030155,"MECHA WIDIA 8 mm",""
HE,N030156,"MECHA WIDIA PASA MURO 8 mm",""
HE,N030300,"FUSIONADORA CDB2",""
HE,N030301,"FUSIONADORA CDB",""
HE,N030302,"MARTILLO",""
HE,N030303,"MECHA 8' 30 CM",""
HE,N030304,"MEDIDOR DE CONTINUIDAD",""
HE,N030305,"TALADRO 570/600W",""
HE,N030308,"MECHA PALETA 3 PUNTAS 3/8",""
HE,N030160,"DESTORNILLADOR PLANO MEDIANO",""
HE,I030313," MEDIDOR DE CAMPO NCM-SM-8700",""
HE,N050005,"CINTURON DE SEGURIDAD EPP",""
HE,N030310,"TALADRO 750/850 W",""
HE,N030311,"CAJA DE HERRAMIENTAS GRANDE",""
HE,N030313,"MEDIDOR DE CAMPO",""
HE,N030316,"PISTOLA DE CALOR CON SOLDADOR ESTAÑO",""
HE,N030318,"CORTADORA BUFFER LONGITUDINAL F.O. - 1,5 a 3,3 mm Ø",""
HE,N080106,"CASCO DE SEGURIDAD",""
HE,N030320,"JUEGO MECHA WIDIA x5 Unds. (4-5-6-8-10 mm)",""
HE,N030321,"DESTOR. PHILLIPS CHICO",""
HE,N080109,"GUANTE TACTIL (PAR)",""
HE,N030122,"TESTER MULTIMETRO BANCO Ut8804E",""
HE,N030322,"DESTOR. PHILLIPS GRANDE",""
HE,N030323,"MECHA WIDIA 10 mm",""
HE,N030327,"PUNTA PHILLIPS PH2 P/TALADRO",""
HE,N080818,"TORNILLO T1 PUNTA MECHA",""
HE,N030157,"MECHA WIDIA 12MM",""
HE,N030340,"BOCA LLAVE 3/8",""
HE,N030342,"CINCEL PLANO 20x250mm P/TALADRO",""
HE,N030343,"CINCEL DE PUNTA 250mm P/TALADRO",""
HE,N030348,"DESTOR. PLANO CHICO  ",""
HE,N030349,"SIERRA COPA BIMETALICA 19mm",""
HE,N030352,"VASTAGO SIERRA COPA 14 a 178mm",""
HE,N030353,"SIERRA COPA BIMETALICA 25mm",""
HE,N030356,"PINZA UNIVERSAL 7'",""
HE,N030359,"KIT PUNTA DESTORNILLADOR P/TALADRO",""
HE,N030362,"SIERRA COPA BIMETALICA 21mm",""
HE,N080986,"ELECTRODO P/FUSIONADORA (x2)",""
HE,N030364,"FUSIONADORA GENERICA",""
HE,N081001,"CAJA MEDIDOR TRIFASICO",""
HE,N081016,"LLAVE DE LUZ 3 PUNTOS",""
HE,N081019,"CODO FUSION",""
HE,N081020,"UNION T FUSION",""
HE,N030366,"SIERRA COPA WIDIA",""
HE,N030368,"LLAVE COMBINADA 16mm",""
HE,N030373,"MECHA WIDIA",""
HE,N030374,"SIERRA COPA P/MADERA",""
HE,N081061,"GUANTES 5000V.",""
HE,N081062,"GUANTE PROTECTOR DIELECTRICO ",""
HE,N081067,"ESLINGA DE ANCLAJE 0,50MTS",""
HE,N081063,"ESLINGA P/PUNTO DE ANCLAJE ",""
HE,N081070,"MENTONERA (C/LOGO Y GANCHO P/CASCO)",""
HE,N081076,"LLAVE 2 PUNTOS ",""
HE,N081077,"LLAVE TOMACORRIENTE DOBLE ",""
HE,N081078,"LLAVE 1 PUNTO ",""
HE,N030375,"MECHA WIDIA PASA MURO 12 mm P/ENCASTRE",""
HE,N030376,"MECHA WIDIA PASA MURO 12 mm",""
HE,N081118,"GUANTES",""
HE,N081123,"LLAVE COMBINADA",""
HE,N030380,"PINZA PORTA ELECTRODO P/SOLDADOR",""
HE,N030382,"SIERRA COPA BIMETALICA",""
HE,N030384,"ESCALERA EXT. 15/30 PELD",""
HE,N081172,"LLAVE 2 TOMAS",""
HE,N030385,"ESCALERA EXT. 14/28 PELD.",""
HE,N030387,"CORTADORA DE TUBO",""
HE,N030392,"LLAVE ALLEN",""
HE,N030393,"AMOLADORA ",""
HE,I030064,"HERRAMIENTA P/SANGRADO LONGITUDINAL DE F.O De 1,5 a 3,3 IMPORTADO","IMPORTADO"
HE,N030394,"PINZA MAZA P/SOLDADOR",""
HE,N030395,"PUNTA PRUEBA C/ATENUACION P/OSCILOSCOPIO",""
HE,I030318,"CORTADORA BUFFER LONGITUDINAL F.O. - 1,5 a 3,3 mm Ø IMPORTADO","IMPORTADO"
HE,N030398,"MECHA MADERA 8mm",""
HE,N030399,"PINZA PICO DE LORO",""
HE,N030401,"PINZA",""
HE,N030404,"LLAVE CRUZ",""
HE,N081218,"PISTOLA LECTORA COD. BARRA -QR",""
HE,N030406,"LLAVE TORX",""
HE,N030410,"PISTOLA P/PINTAR",""
HE,N030413,"JUEGO ADAPTADOR P/LLAVE TUBO",""
HE,N030414,"PUNTA PRUEBA DE TENSION",""
HE,N030415,"LLAVE P/MANDRIL TALADRO",""
HE,N030416,"VAINA PROTECTORA P/ESCALERA",""
IL,N020025,"PRECINTOS PLÁSTICOS 15 cm PAQ.X100",""
IL,N020026,"PRECINTOS PLÁSTICOS 20 cm PAQ. X100",""
IL,I040289,"RETENCION PLAST C/ROLD. (SIPA) IMPORTADO","VERDE"
IL,N040289,"RETENCION PLAST C/ROLD. (SIPA) NACIONAL","VERDE"
IL,N040245,"SUSPENSION 3x1 PLAST. P/F.O. NACIONAL",""
IL,I040245,"SUSPENSION 3x1 PLAST. P/F.O. IMPORTADO",""
IL,I040243,"CRUZ PLAST.x300mm. IMPORTADO",""
IL,N040243,"CRUZ PLAST.x300mm. NACIONAL",""
IL,I040242,"CRUZ 500 mm PLAST IMPORTADO",""
IL,N040242,"CRUZ 500 mm PLAST NACIONAL",""
IL,I020005,"GRAMPA CLAVO RG-6  IMPORTADO",""
IL,N020005,"GRAMPA CLAVO RG-6/RG-59 PAQ.X100- NACIONAL",""
IL,N010201,"TORNILLO M6x15 C/TUERCA JAULA NACIONAL","PARA RACK"
IL,N020027,"PRECINTOS PLÁSTICOS 25 cm PAQ. X100",""
IL,N020034,"PASAPARED PLAST Nº 8 NACIONAL",""
IL,N020039,"CINTA AUTOSOLDABLE NACIONAL",""
IL,N020108,"GRAMPA CLAVO PY- P/RG-6 NACIONAL",""
IL,N040125,"SOPORTE MONTAJE p/BULON 3/8 NACIONAL",""
IL,N040136,"BULON 3/8 x 3 1/2 C/TUERCA NACIONAL","CR CC"
IL,N040137,"BULON 3/8 x 3 C/TUERCA NACIONAL","CR CC"
IL,N040138,"BULON 3/8 x 1 1/2 C/TUERCA NACIONAL","CR CC"
IL,N040141,"TERMOCONTRAIBLE P/F.O",""
IL,N040143,"GUARDA RIENDA DE PVC NACIONAL",""
IL,N040162,"BULON 3/8 x 3 1/2 S/TUERCA NACIONAL",""
IL,N040202,"BULON EXAGONAL 5/16 x2 COMPLET NACIONAL",""
IL,N040209,"CLAVO PUNTA PARIS 2x2.8 mm NACIONAL",""
IL,N040219,"CINTA IDENTIFIC.SUBTERRANEA NACIONAL",""
IL,N040327,"RAQUETA PLAST. DIELECTR. NACIONAL",""
IL,N040328,"MENSULAS SUSPENSION C/AISLANTE NACIONAL",""
IL,cruzmet1,"CRUZ 500 mm metalica",""
IL,cruz10,"CRUZ 1000 mm metalica",""
IL,N030144,"CINTA AISLADORA PLAST. x20mts",""
IL,SUSPENSION,"SUSPENSION",""
IL,CRUZ,"CRUZ DE RESERVA GRANDE",""
IL,N040403,"GRAMPA OMEGA 25 MM - 1'",""
IL,N030183,"TACO FISCHER N°6",""
IL,N030184,"TACO FISCHER N°8",""
IL,N050104,"CINTA DE EMBALAR",""
IL,N020302,"CAJA ESTANCO 116x116x65mm - PLAST.BLANCA",""
IL,N020303,"TORNILLO #8",""
IL,N020304,"TORNILLO #6",""
IL,100017,"Caño Luz Pvc 22mm (7/8) X10u",""
IL,100030,"Conjunto de suspensión - Acometida - Distribución de tendido aéreo",""
IL,100032,"Curva Pvc 22mm 7/8 Para Caño X10u",""
IL,100144,"Tornillo y Tarugos de 6 mm(combo de 100 unidades)","Tornillo y Tarugos de 6 mm(combo de 100 unidades)"
IL,N040508,"CRUZ DE RESERVA FABRICACION PROPIA",""
IL,N060213,"TONER ALTERNATIVO HP107W (1105A) - SIN CHIP",""
IL,N020418,"CAJA ESTANCO PLAST. 100x100x80mm",""
IL,N020419,"CAJA ESTANCO PLAST. 165x165x65mm",""
IL,N020421,"GRAMPA CLAVO RG-6/RG-59 BLANCA  PAQ.X100- NACIONA",""
IL,N090109,"Toner hp 127 fn recargado",""
IL,N090110,"Toner hp m605 recargado",""
IL,N080110,"CINTA PELIGRO x200 mts.",""
IL,N040413,"GRAMPA OMEGA 50 MM",""
IL,N080838,"TORNILLO PHILIPS Nº6",""
IL,N080858,"CINTA PAPEL",""
IL,N030339,"CINTA METRICA 8 MTS",""
IL,N080864,"TORNILLO AUTOPERFORANTE C/ARC 14X2'",""
IL,N060228,"TONER PANTUM P2500W (PB210/211)",""
IL,N060229,"TONER HP 1005/1006 (435A)",""
IL,N060230,"TONER HP M127FN (283A)",""
IL,N060231,"TONER HP M404W (258A/259A)",""
IL,N060232,"TONER HP 1102(285A)",""
IL,N060233,"TONER BROTHER HL1200 (1060)",""
IL,N060234,"TINTA EPSON 664 - NEGRA",""
IL,N060235,"TINTA EPSON 664 - CIAN",""
IL,N060236,"TINTA EPSON 664 - MAGENTA",""
IL,N060237,"TINTA EPSON 664 - AMARILLO",""
IL,N080879,"TORNILLO T2",""
IL,N080884,"CINTA PAPEL P/DURLOCK",""
IL,N080887,"TACO FISCHER N°10",""
IL,N020457,"PRECINTOS PLASTICOS 10 cm PAQ. x100",""
IL,N030347,"TIJERA CORTA PVC",""
IL,N080892,"SOGA",""
IL,N080893,"TORNILLO AUTOPERFORANTE",""
IL,N080894,"PRENSACABLE ¾ PVC",""
IL,N080895,"CAÑO RIGIDO PVC 20MM X 3MTS",""
IL,N080896,"GRAMPA 3/4' PVC 20mm",""
IL,N080898,"CAJA ESTANCO PLAST 210x310x110mm",""
IL,N080902,"BROCA TACO METALICO N°12",""
IL,N080929,"CLAVO 2.1/2'",""
IL,N080931,"TORNILLO 5/32x2.1/4'",""
IL,N080932,"TUERCA 5/32'",""
IL,N080933,"ARANDELA PLANA 5/32'",""
IL,N080939,"BULON G8 8x16mm",""
IL,N030351,"CINTA AISLADORA PLAST. x10mts",""
IL,N080944,"PRENSACABLE 2' PVC",""
IL,N080948,"BULON G5 12,5x75mm",""
IL,N080949,"TUERCA AUTOFRENANTE G5",""
IL,N080950,"ARANDELA PLANA 1/2'",""
IL,N080952,"TORNILLO 5x70mm",""
IL,N080953,"TORNILLO 3,5x16mm",""
IL,N080955,"SELLADOR SILICONA ACETICA",""
IL,N080968,"ALCOHOL ISOPROPILICO",""
IL,N080970,"PRENSACABLE 7/8 PVC",""
IL,N030361,"CINTA METRICA",""
IL,N080979,"CAÑO FLEXIBLE PVC 1/2'",""
IL,N080981,"NIPLE PLAST. 1/2'",""
IL,N080982,"TAPON PLAST 1/2'",""
IL,N062255,"TONER ALT",""
IL,N062258,"TONER BROTHER HL-L5100DN (TN-3479) BK",""
IL,N081002,"ADHESIVO P/PVC",""
IL,N081003,"TUBO PVC",""
IL,N081004,"CODO PVC",""
IL,N081005,"CURVA PVC",""
IL,N081006,"RAMAL PVC",""
IL,N081007,"CUPLA LISA PVC",""
IL,N081013,"TORNILLO T3",""
IL,N081024,"ADHESIVO IMPERMEABLE P/CERAMICOS",""
IL,N030365,"ROLDANA",""
IL,N081038,"TABLERO ELECTRICO PLAST.",""
IL,N030370,"RESORTE P/DOBLAR CAÑO PVC",""
IL,N081050,"TORNILLO FIX PHILLIPS",""
IL,N081052,"TACO FISCHER P/DURLOCK",""
IL,N081059,"CINTA SCOTCH CHICA",""
IL,N081081,"ARANDELA 3/16",""
IL,N081082,"BULON 1/4 1'",""
IL,N081083,"ARANDELA 1/4",""
IL,N081084,"TUERCA 1/4",""
IL,N081085,"BULON 1/4 X 1/2'",""
IL,N081086,"TACO FISCHER N°12",""
IL,N030377,"CINTA AISLADORA PLAST. x5mts",""
IL,N081106,"CINTA ADHESIVA TRANSPARENTE",""
IL,N081108,"TACO PAPEL NOTA",""
IL,N081110,"LOMO ADHESIVO P/BIBLIORATOS",""
IL,N081113,"CINTA TINTA P/MAQ. CALCULAR",""
IL,N081115,"TINTA P/SELLOS",""
IL,N081116,"BULON",""
IL,N081117,"TUERCA",""
IL,N081121,"CARTUCHO TINTA P/IMPRESORA",""
IL,N081122,"TORNILLO",""
IL,N081167,"BROCA TACO METALICO N°10",""
IL,N040559,"GRAMPA OMEGA 2,5' - 6.4 mm",""
IL,N081174,"GRAMPA 1' PVC 25mm",""
IL,N081185,"CLAVO P/GRAMPAS PLAST. (x100u)",""
IL,N0450416,"PRECINTO CON NUMERACIÓN ",""
IL,N081188,"ALCOHOL",""
IL,N062271,"TINTA EPSON 544",""
IL,N081200,"ARANDELA",""
IL,N040564,"MORDAZA RETENCION C/CARTUCHERA PLAST.",""
IL,N081210,"DELANTAL PVC",""
IL,N081221,"GRAMPA OMEGA",""
IL,N081224,"TERMOCONTRAIBLE",""
IL,N081225,"SELLADOR SILICONA",""
IL,N020553,"CINTA",""
IL,N081233,"GRAMPA PVC",""
NO_TANGIBLE,DIFCAM,"Diferencia de cambio ","Se utiliza en las ordenes de pago y cobranzas de manera automatica"
NO_TANGIBLE,000016,"Ferreteria IVA21% - Mantenimiento",""
NO_TANGIBLE,000017,"Combustible Tecnica IVA 21%",""
NO_TANGIBLE,000020,"Combustible Tecnica (Impuesto Interno)",""
NO_TANGIBLE,SERVINT,"Servicio de Internet",""
NO_TANGIBLE,INTERNETND,"Internet No Dedicado",""
NO_TANGIBLE,SERVINTM,"MBps  de Internet",""
NO_TANGIBLE,SIMETRICO,"MBps de Internet Simetrico",""
NO_TANGIBLE,INTERNET,"MBps de Internet Dedicado",""
NO_TANGIBLE,ASIMETRICO,"Servicio de Internet Asimetrico",""
NO_TANGIBLE,CABLE,"Servicio de Cable ",""
NO_TANGIBLE,IP,"IP Publica",""
NO_TANGIBLE,CONEXION,"Cargo de Conexion",""
NO_TANGIBLE,SERVINTDED,"Servicio de Internet con Acceso Principal",""
NO_TANGIBLE,VINCSEÑAL,"Vinculo de Transmision ",""
NO_TANGIBLE,TRANSDATOS,"Transporte de Datos Simetrico Dedicado",""
NO_TANGIBLE,CONECTIVIDAD,"Servicio de Conectividad ",""
NO_TANGIBLE,LAN,"LAN TO LAN",""
NO_TANGIBLE,VINCFIBRA,"Servicio de Vinculo Fibra Oscura",""
NO_TANGIBLE,000018,"Gasto de Libreria IVA0%",""
NO_TANGIBLE,000019,"Gasto de Libreria IVA21%",""
NO_TANGIBLE,000021,"Ferreteria IVA0% - Mantenimiento",""
NO_TANGIBLE,000022,"Hormigon - Pavimiento",""
NO_TANGIBLE,000023,"ROPA DE TRABAJO IVA21%",""
NO_TANGIBLE,000014,"Mantenimiento Rodado IVA 21%",""
NO_TANGIBLE,000001,"DERECHOS IMPORTACION (Despachos)",""
NO_TANGIBLE,000002,"TASA DE ESTADISTICA (Despachos)",""
NO_TANGIBLE,000003,"IMPUESTOS INTERNOS (Despachos)",""
NO_TANGIBLE,000004,"ARANCEL SIM IMPO (Despachos)",""
NO_TANGIBLE,000005,"DEPOSITO FISCAL IVA21% (Importaciones)",""
NO_TANGIBLE,000006,"FLETE MARITIMA IVA 0% (Importaciones)",""
NO_TANGIBLE,000007,"FLETE TERRESTRE IVA 0% (Importaciones)",""
NO_TANGIBLE,000008,"SEGURO DE LA CARGA IVA 21% (Importaciones)",""
NO_TANGIBLE,000009,"SEGURIDAD ELECTRICA IVA 21% (Importaciones)",""
NO_TANGIBLE,000010,"GASTOS OPERATIVOS 21% (Importaciones)",""
NO_TANGIBLE,000011,"SIMI IVA 21% (Importaciones)",""
NO_TANGIBLE,000012,"DIGITALIZACION IVA 21% (Importaciones)",""
NO_TANGIBLE,000013,"Honorarios Despachante de Aduanas  IVA 21% (Importaciones)",""
NO_TANGIBLE,BONI,"BONIFICACION DECO HD",""
NO_TANGIBLE,000015,"Flete, Cadeteria",""
NO_TANGIBLE,AJUSTE,"AJUSTE  DECIMAL SEGUN CONTRATO ACTUAL",""
NO_TANGIBLE,C0005,"Materiales Varios IVA 21%",""
NO_TANGIBLE,000024,"Mantenimiento Rodado IVA 0%",""
NO_TANGIBLE,Alojserv,"Alojamiento de Servidores",""
NO_TANGIBLE,BOCA,"Instalacion Boca Adicional",""
NO_TANGIBLE,BONIFICACION,"Bonificacion ",""
NO_TANGIBLE,Loc001,"Locación Pala Cargadora",""
NO_TANGIBLE,Loc002,"Locación de Camión + Volquete ","Dominio Camión: JUL759 Dominio Volquete: FTH517"
NO_TANGIBLE,000044,"ARRENDAMIENTO DE SOPORTES",""
NO_TANGIBLE,Otroimp,"Otros Impuestos y cargos",""
NO_TANGIBLE,EDETFuente,"Servicio Energia Fuente/ Oficina IVA 27%",""
NO_TANGIBLE,000041,"Servicio Energia Fuente/ Oficina No Gravado",""
NO_TANGIBLE,000042,"Honorarios Escribano IVA0%",""
NO_TANGIBLE,000030,"Viaticos Tecnica IVA0%",""
NO_TANGIBLE,000043,"Honorarios Abogados IVA 21%",""
NO_TANGIBLE,honabog,"Honorarios Abogados IVA 0%",""
NO_TANGIBLE,000040,"Grafica IVA 0%",""
NO_TANGIBLE,Mega001,"Megas Simetrico y Dedicado Enlace 4801714 - Sgo. del Estero - IVA 21%",""
NO_TANGIBLE,CONTRAT,"Contratista Red",""
NO_TANGIBLE,EDETENE,"ENERGIA IVA 27%",""
NO_TANGIBLE,PUERTO,"Apertura de Puerto",""
NO_TANGIBLE,GUARDIA,"Guardia Técnica Activa",""
NO_TANGIBLE,000026,"CEMENTO x BOLSA",""
NO_TANGIBLE,000027,"GASTOS EN ORIGEN 0% (Importaciones)",""
NO_TANGIBLE,000028,"Combustible Administracion IVA 21%",""
NO_TANGIBLE,000029,"Combustible Administracion (Impuesto Interno)",""
NO_TANGIBLE,000031,"Viaticos Administración IVA0%",""
NO_TANGIBLE,000032,"Refrigerios Tecnica IVA0%",""
NO_TANGIBLE,000033,"Refrigerios Administración IVA0%",""
NO_TANGIBLE,000034,"Refrigerios Administración IVA21%",""
NO_TANGIBLE,000035,"Viaticos Administración IVA21%",""
NO_TANGIBLE,000036,"Viaticos Tecnica IVA21%",""
NO_TANGIBLE,000037,"Refrigerios Tecnica IVA21%",""
NO_TANGIBLE,Señales,"Señales IVA21%",""
NO_TANGIBLE,000038,"Mantenimiento Inmueble IVA 21%",""
NO_TANGIBLE,000039,"Mantenimiento Inmueble IVA 0%",""
NO_TANGIBLE,N010104,"CABLE DE SERVICIO x15mts NACIONAL","4 PIGTAIL"
NO_TANGIBLE,I010104,"CABLE DE SERVICIO x15mts IMPORTADO","4 PIGTAIL"
NO_TANGIBLE,000050,"Honorarios Ingenieria IVA 21%",""
NO_TANGIBLE,A0051,"Honorarios Ingenieria IVA 0%",""
NO_TANGIBLE,Segcau,"SEGURO IVA 21%",""
NO_TANGIBLE,SEGCAU0,"SEGURO IVA 0%",""
NO_TANGIBLE,I010246,"CABLE DE SERVICIO x15mts IMPORTADO","2 PIGTAIL"
NO_TANGIBLE,N010246,"CABLE DE SERVICIO x15mts NACIONAL","2 PIGTAIL"
NO_TANGIBLE,INSTA,"INSTALACIONES IVA 21%",""
NO_TANGIBLE,INSTA0,"INSTALACIONES IVA 0%",""
NO_TANGIBLE,000056,"BASE CEMENTO",""
NO_TANGIBLE,SERV,"SERVIDOR IVA 10,5%",""
NO_TANGIBLE,SERV21,"SERVIDOR IVA 21%",""
NO_TANGIBLE,SERV0,"SERVIDOR IVA 0%",""
NO_TANGIBLE,Señales0,"Señales IVA0%",""
NO_TANGIBLE,Licencia Windows,"Licencia Windows","Licencia Windows"
NO_TANGIBLE,Adquisición de Bienes ,"Adq. de Bienes y Servicios. Llave en mano",""
NO_TANGIBLE,SERVICIO,"SERVICIO MENSUAL",""
NO_TANGIBLE,CUOTACAPPP,"PFP RENTAS - CUOTA CAPITAL",""
NO_TANGIBLE,CUOTAINTPP,"PLAN DE PAGOS CUOTA INTERESES",""
NO_TANGIBLE,N020049,"CABLE DE SERVICIO x10mts NACIONAL","PIGTAIL"
NO_TANGIBLE,SERVICIOSERVICIO,"SERVICIO",""
NO_TANGIBLE,HONTEC,"HONORARIOS TECNICA",""
NO_TANGIBLE,HONING,"Honorarios Ingenieria",""
NO_TANGIBLE,ALQUILER,"ALQUILER",""
NO_TANGIBLE,FLOWYSIST,"SISTEMAS Y LICENCIAS IVA 21%",""
NO_TANGIBLE,GTOADMIN,"Gastos Varios Administracion",""
NO_TANGIBLE,020210,"ROUTER TP-LINK MODELO TD-W8970 300 Mbps WIRELESS N GIGABIT ADSL2+",""
NO_TANGIBLE,MANTENIMIENTO,"SERVICIO DE MANTENIMIENTO",""
NO_TANGIBLE,INTERPLAZA,"SERVICIO INTERNET ",""
NO_TANGIBLE,000070,"Mantenimiento Inmueble IVA 10.5%",""
NO_TANGIBLE,MBps 777890,"MBps 777890 SAN MIGUEL DE TUC","Transito IP"
NO_TANGIBLE,MATVAR10.5,"Materiales Varios IVA 10.5%",""
NO_TANGIBLE,MBps 716305,"MBps 716305 S.F.V.CATAMARCA","Transito IP"
NO_TANGIBLE,MBps 716307,"MBps 716307 TARTAGAL","Transito IP"
NO_TANGIBLE,MBps 716303,"MBps 716303 SALTA","Transito IP"
NO_TANGIBLE,MBps 787109,"MBps 787109 CORRAL DE BUSTOS","Transito IP"
NO_TANGIBLE,MBps 876444,"MBps 876444 MONTE QUEMADO","Transito IP"
NO_TANGIBLE,MBps 889766,"MBps 889766 MONTEROS","Transito IP"
NO_TANGIBLE,MBps 893805,"MBps 893805 ALBERDI","Transito IP"
NO_TANGIBLE,MBps 896044,"MBps 896044 CONCEPCION","Transito IP"
NO_TANGIBLE,MBps 944230,"MBps 944230 S.S. JUJUY","Transito IP"
NO_TANGIBLE,MBps 945330,"MBps 945330 TERMAS DEL RIO HONDO","Transito IP"
NO_TANGIBLE,MBps 998267,"MBps 998267 LA COCHA","Transito IP"
NO_TANGIBLE,MBps 1041201,"MBps 1041201 TAFI DEL VALLE","Transito IP"
NO_TANGIBLE,MBps 1009083,"MBps LAN 1009083 SALTA","Transito IP"
NO_TANGIBLE,MBps 1009084,"MBps LAN 1009084 S.M. DE TUCUMAN","Transito IP"
NO_TANGIBLE,GTOTELE,"TELEFONIA IVA 27%",""
NO_TANGIBLE,Contra,"Contratista de obra",""
NO_TANGIBLE,honesc,"Honorarios Escribano IVA21%",""
NO_TANGIBLE,INT,"INTERES RESARCITORIO",""
NO_TANGIBLE,gtorecau,"Gastos de Recaudación",""
NO_TANGIBLE,0000010,"SENASA IVA 21% (Importaciones)",""
NO_TANGIBLE,000080,"Honorarios Profesionales IVA 21%",""
NO_TANGIBLE,PRESINT,"INTERES PRESTAMOS",""
NO_TANGIBLE,IMPDEBYCRED,"Impuesto a los Debitos y Creditos",""
NO_TANGIBLE,000095,"FLETE AEREO IVA 0% (Importaciones)",""
NO_TANGIBLE,000096,"SEGURO DE LA CARGA IVA 0% (Importaciones)",""
NO_TANGIBLE,PREDIO,"ABONO - PREDIO ",""
NO_TANGIBLE,000071,"Refrigerios Administración IVA10.5%",""
NO_TANGIBLE,gtorep,"GASTO DE REPRESENTACION IVA 21%",""
NO_TANGIBLE,000090,"Pasaje de Avion IVA 10,5%",""
NO_TANGIBLE,000091,"Pasaje de Avion IVA 21%",""
NO_TANGIBLE,000092,"Pasaje de Avion IVA 0%",""
NO_TANGIBLE,IMPINMO,"IMPUESTO INMOBILIARIO",""
NO_TANGIBLE,INMAUTO,"IMPUESTO AUTOMOTOR",""
NO_TANGIBLE,HCORP,"Servicio de Gerenciamiento, Asesoria legal y contable","Honorarios Corporativos"
NO_TANGIBLE,SERVICIO FIBRA,"SERVICIO DE INTERNET ",""
NO_TANGIBLE,VIATREND,"Viaticos Rendicion",""
NO_TANGIBLE,CERTIFICACIONESELEC,"CERTIFICACION ELECTRICA 0% (Importaciones)",""
NO_TANGIBLE,COMBGRAV,"COMISIONES BANCARIAS GRAV ",""
NO_TANGIBLE,COMBNOGRAV,"COMISIONES BANCARIAS NO GRAV ",""
NO_TANGIBLE,CERTF.ELEC,"CERTIFICACION ELECTRICA IVA 21% (Importaciones)",""
NO_TANGIBLE,certf,"Certificación de Firma",""
NO_TANGIBLE,Certcf,"Certificación Copia Fiel",""
NO_TANGIBLE,Almacenaje,"ALMACENAJE BOM PORT IVA0% (Importaciones)",""
NO_TANGIBLE,otrosgtos,"OTROS GASTOS IVA 21% (Importaciones)",""
NO_TANGIBLE,otrosgtos0,"OTROS GASTOS IVA 0% (Importaciones)",""
NO_TANGIBLE,MBps 716151,"MBps 716151 FRIAS","Transito IP"
NO_TANGIBLE,MBps 1083651,"MBps 1083651 TRANCAS","Transito IP"
NO_TANGIBLE,RODADO,"Rodado IVA21%",""
NO_TANGIBLE,HONEXTERI,"Honorarios Profesionales en el Exterior (Importaciones)",""
NO_TANGIBLE,DIFCAMNAC,"Diferencia de Cambio importacion",""
NO_TANGIBLE,000156,"FLETE TERRESTRE IVA 21% (Importaciones)",""
NO_TANGIBLE,COMEX,"Importaciones Comex IVA0%",""
NO_TANGIBLE,Labor,"Servicio de Labores Culturales IVA 10.5%",""
NO_TANGIBLE,Labor21,"Servicio de Labores Culturales IVA 21%",""
NO_TANGIBLE,HONOPROF,"Honorarios Profesionales IVA 0%",""
NO_TANGIBLE,MBps 1083623,"MBps 1083623 ROQUE SAENZ PEÑA","Transito IP"
NO_TANGIBLE,MBps 733585,"MBps 733585 Tafi del Valle","Transito IP"
NO_TANGIBLE,440509:342578,"440509:342578 Central Acceso Extremo Abono Basico","Central de Acceso Extremo"
NO_TANGIBLE,IVAAPAGAR,"IVA A PAGAR","IMPUESTOS"
NO_TANGIBLE,Bienes en Tránsito,"Bienes en Tránsito IVA 10,5%",""
NO_TANGIBLE,BT,"Bienes en Tránsito IVA 21%",""
NO_TANGIBLE,GTOBCRIO,"GASTOS BANCARIOS",""
NO_TANGIBLE,Gastos de Comercializacion,"Gastos de Comercializacion",""
NO_TANGIBLE,SUSS A PAGAR,"SUSS A PAGAR","CARGAS SOCIALES F 931"
NO_TANGIBLE,INGENIERIA,"GUARDIA INGENIERIA",""
NO_TANGIBLE,Servicios Tecnicos de Terceros,"Servicios Tecnicos de Terceros","Servicios para activar al CMV"
NO_TANGIBLE,PFP AFIP,"PFP AFIP - CUOTA CAPITAL",""
NO_TANGIBLE,HSINGENIERIA,"MANO DE OBRA INGENIERIA",""
NO_TANGIBLE,TECNICA,"MANO DE OBRA TECNICA",""
NO_TANGIBLE,MANO DE OBRA,"MANO DE OBRA - DESPLIEGUE F.O. POR METROS",""
NO_TANGIBLE,ZONA DESFAVORABLE,"MANO DE OBRA POR ZONA DESFAVORABLE",""
NO_TANGIBLE,insta10.5,"INSTALACIONES IVA 10.5%",""
NO_TANGIBLE,SaludPublica,"Salud Publica a Pagar","Impuesto de carga social a pagar"
NO_TANGIBLE,RECUGASTOS,"Recupero de Gastos","Recupero de Gastos"
NO_TANGIBLE,TEMAPAGAR,"TEM a Pagar","tributo municipal a pagar"
NO_TANGIBLE,CAMARAS,"CONECTIVIDAD DE CAMARAS DE SEGURIDAD",""
NO_TANGIBLE,DATA,"SERVICIO DE DATA CENTER",""
NO_TANGIBLE,Almacenaje0,"ALMACENAJE IVA0% (Importaciones)",""
NO_TANGIBLE,SUELDAPAGAR,"Sueldos y Jornales a pagar","Sueldos y Jornales a pagar"
NO_TANGIBLE,CONTRATISTA,"Contratista Mantenimiento e Instalaciones Domiciliarias",""
NO_TANGIBLE,AJUSTEDECIMAL,"AJUSTE DECIMAL",""
NO_TANGIBLE,Viaticos105,"Viaticos Tecnica 10.5%","viaticos por viaje"
NO_TANGIBLE,viatico105adm,"Viaticos Administracion 10.5%","viaticos por viaje"
NO_TANGIBLE,Demora,"DEMORA IVA0% (Importaciones)",""
NO_TANGIBLE,BANDA,"SERVICIO PROVISION DE BANDA ANCHA",""
NO_TANGIBLE,LICENCIAS,"LICENCIAS CAMARAS",""
NO_TANGIBLE,100110,"Licencia Camara Axxon One Enterpise","Licencia Camara Axxon One Enterpise"
NO_TANGIBLE,100115,"Licencia Cámaras Axxon One VMS, LPR & Analytics, support configuration, validation, test.  ","Licencia Cámaras Axxon One VMS, LPR & Analytics, support configuration, validation, test.  "
NO_TANGIBLE,100111,"Licencia Cámara Axxon One Enterpise LPR  ","Licencia Cámara Axxon One Enterpise LPR  "
NO_TANGIBLE,100112,"Licencia de Cámara Axxon One Face Recognition","Licencia de Cámara Axxon One Face Recognition"
NO_TANGIBLE,100113,"Licencia Camaras Axxon One Custom Al Analytics","Licencia Camaras Axxon One Custom Al Analytics"
NO_TANGIBLE,100114,"Licencia Cámaras Axxon One Offline Analytics Server        ","Licencia Cámaras Axxon One Offline Analytics Server        "
NO_TANGIBLE,10MB,"INTERNET 10 MB ",""
NO_TANGIBLE,CATV,"SERVICIO DE CABLE",""
NO_TANGIBLE,RODADO 10.5,"Rodado IVA 10.5%",""
NO_TANGIBLE,005,"IMPUESTO PAIS (Despachos)",""
NO_TANGIBLE,almacenaje21,"ALMACENAJE IVA21% (Importaciones)",""
NO_TANGIBLE,SCA,"SCA- Servicios de Comunicacion Audiovisual",""
NO_TANGIBLE,PROVISION2,"PROVISION SERVICIO DE BANDA ANCHA",""
NO_TANGIBLE,PyP a Pagar,"Publicidad y Propaganda a Pagar","tributo municipal a pagar"
NO_TANGIBLE,Espacio Aereo a Pagar,"Espacio Aereo a Pagar","tributo municipal a pagar"
NO_TANGIBLE,ANTGAN,"ANTICIPO GANANCIAS PAGADOS",""
NO_TANGIBLE,IMPGCIAS,"Impuesto a las Ganancias a Pagar",""
NO_TANGIBLE,HONFIS,"Honorarios Abogados Fisco",""
NO_TANGIBLE,gto rep 10.5,"GASTO DE REPRESENTACION IVA 10,5%",""
NO_TANGIBLE,ANTICIPO 10.5%,"ANTICIPO",""
NO_TANGIBLE,MOD,"MANO DE OBRA",""
NO_TANGIBLE,COMISIONES,"COMISIONES POR COBRANZA",""
NO_TANGIBLE,SERVICIO CALL CENTER -AT CLIENTES,"SERVICIO CALL CENTER -AT CLIENTES","SERVICIO CALL CENTER -AT CLIENTES"
NO_TANGIBLE,LICENCIAAXX,"LICENCIA AXXON SOFT",""
NO_TANGIBLE,LICENCIANU,"LICENCIA NUTANIX ",""
NO_TANGIBLE,CONECTIVIDADCAMARA,"CONECTIVIDAD CAMARAS",""
NO_TANGIBLE,MBps 1132508,"MBps 1132508 termas de rio hondo","Transito IP"
NO_TANGIBLE,MBps 1222777,"MBps 1222777 AGUILARES","Transito IP"
NO_TANGIBLE,MBps 1230296,"MBps 1230296 FORMOSA","Transito IP"
NO_TANGIBLE,MBps 1238276,"MBps 1238276 PUERTO IGUAZU","Transito IP"
NO_TANGIBLE,Contratista21,"Contratista Mantenimiento e Instalaciones Domiciliarias IVA 21%",""
NO_TANGIBLE,CONTRATISTA RED 21%,"Contratista de Red IVA 21%",""
NO_TANGIBLE,AGUA DISPENSER,"AGUA DISPENSER IVA21%","AGUA PARA OFICINA"
NO_TANGIBLE,TELEFONIA IVA 21%,"TELEFONIA IVA 21%","TELEFONIA IVA 21%"
NO_TANGIBLE,ALQUILER COCHERA,"ALQUILER COCHERA","ALQUILER COCHERA"
NO_TANGIBLE,ALQUILER OFICINAS,"ALQUILER OFICINAS","ALQUILER OFICINAS"
NO_TANGIBLE,COMISIONES NO GRAVADAS,"COMISIONES COBRANZAS NO GRAVADAS","COMISIONES COBRANZAS NO GRAVADAS"
NO_TANGIBLE,MBPS 1252557 CHARATA ,"MBps 1252557 CHARATA ","Transito IP"
NO_TANGIBLE,MBPS 1252556 CHARATA ,"MBps 1252556 CHARATA ","Transito IP"
NO_TANGIBLE,MBPS 1252558 CHARTA ,"MBps 1252558 CHARATA ","Transito IP"
NO_TANGIBLE,MBPS 1252560 PCIA RONUE SAENZ PEÑA ,"MBps 1252560 PCIA RONUE SAENZ PEÑA ","Transito IP"
NO_TANGIBLE,MBPS 1252559 CHARATA ,"MBps 1252559 CHARATA ","Transito IP"
NO_TANGIBLE,MBPS 1252561 PCIA RONUE SAENZ PEÑA,"MBps 1252561 PCIA RONUE SAENZ PEÑA ","Transito IP"
NO_TANGIBLE,MBPS 1252562 VILLA ANGELA ,"MBps 1252562 VILLA ANGELA  ","Transito IP"
NO_TANGIBLE,asesoramiento,"cargo por asesoramiento tecnico",""
NO_TANGIBLE,000100,"FLETE TERRESTRE IVA 21%","FLETES Y ACARREOS MATARIALES VARIOS"
NO_TANGIBLE,SOFTWARE,"SOFTWARE Y LICENCIAS 21%",""
NO_TANGIBLE,INTFISC,"INTERESES FISCALES",""
NO_TANGIBLE,DISPENSER,"ALQUILER DISPENSER",""
NO_TANGIBLE,911,"Servicio SAE 911",""
NO_TANGIBLE,OPERACION,"SERVICIO DE OPERACION A DISTANCIA",""
NO_TANGIBLE,TRANSPROVINCIAL,"VINCULO TRANSPROVINCIAL",""
NO_TANGIBLE,SERVDE,"SERVICIO DEDICADO",""
NO_TANGIBLE,N080869,"CEMENTO FINO TIPO PLASTICOR",""
NO_TANGIBLE,N080870,"CEMENTO",""
NO_TANGIBLE,COMEX21,"Importaciones Comex IVA 21%",""
NO_TANGIBLE,EDESA21,"ENERGIA IVA 21%","Energía 21%"
NO_TANGIBLE,EDESAEXE,"ENERGIA IVA 0%","CARGOS DE ENERGIA EXENTOS"
NO_TANGIBLE,IMPBSP,"Impuesto a los Bs Personales",""
NO_TANGIBLE,SCVO,"SCVO A PAGAR","CARGAS SOCIALES F 931"
NO_TANGIBLE,ART,"ART A PAGAR","CARGAS SOCIALES F 931"
NO_TANGIBLE,CUOTACAPMUN,"PFP MUNICIPAL - CUOTA CAPITAL",""
NO_TANGIBLE,IMPCOM10.5,"Importaciones Comex IVA 10.5%",""
NO_TANGIBLE,OTGTOS10,"OTROS GASTOS IVA 10.5% (Importaciones)",""
NO_TANGIBLE,DTO,"DESCUENTOS",""
NO_TANGIBLE,MOVIL,"ALQUILER AUTOMOTORES",""
NO_TANGIBLE,ATVC,"CUOTA SOCIAL",""
NO_TANGIBLE,N010718,"CABLE DE SERVICIO x8mts NACIONAL",""
NO_TANGIBLE,PERTUC,"PERCEPCION IIBB TUC",""
NO_TANGIBLE,PERIVA,"PERCEPCION IVA",""
NO_TANGIBLE,PERCABA,"PERCEPCION IIBB CABA",""
NO_TANGIBLE,PERSAL,"PERCEPCION IIBB SALTA",""
NO_TANGIBLE,ADMGtos21,"Otros Gastos de Administracion",""
NO_TANGIBLE,N020517,"FILTRO PASA ALTOS LDZA 54 P/INTERNET ",""
NO_TANGIBLE,AJUSTECUIT,"Ajuste por cambio de CUIT pagador",""
NO_TANGIBLE,TARJETAAPAGAR,"Tarjeta de Credito a Pagar","Gastos de tarjetas corporativas"
NO_TANGIBLE,SERVICIOMANTE,"SERVICIO MANTENIMIENTO",""
NO_TANGIBLE,EQUIPOS21,"Equipos Técnicos IVA21%","Equipos Técnicos IVA21%"
NO_TANGIBLE,MBPS 994126 CCC,"MBps 994126 CCC","Transito IP"
NO_TANGIBLE,MBps 1094143- GRAL PAZ,"MBps 1094143-GRAL PAZ-CCC","Transito IP"
NO_TANGIBLE,KIT,"LICENCIAS Y DATOS PARA KIT DE MICRO EMBARCADO",""
NO_TANGIBLE,ALOJAMIENTO,"ALOJAMIENTO EN LA NUBE",""
NO_TANGIBLE,STICK,"Servicio Mensual Stick ",""
NO_TANGIBLE,API,"Servicio de extensor",""
NO_TANGIBLE,EXTENSOR,"Servicio de extensor",""
NO_TANGIBLE,N020549,"FUENTE POE 48V - 0,5A - 10/100/1000 Mbps",""
NO_TANGIBLE,PERSTAFE,"PERCEPCION IIBB SANTA FE",""
NO_TANGIBLE,ALQEQ,"ALQUILER DE FOTOCOPIADORA",""
NO_TANGIBLE,MATELE,"Materiales electricos IVA21% - Mantenimiento",""
NO_TANGIBLE,AJUS,"AJUSTE",""
TEST,ZPrueb009,"FIBRA 12 P EJEMPLO",""
TEST,zprueba,"PRUEBA NO CONTROLA",""
TEST,ZPRUEBA2,"PRUEBA CONTROLA SERIE",""
OTROS,000025,"ELEMENTOS DE SEGUIDAD 21%",""
OTROS,cañyacc,"CAÑERIAS Y ACCESORIOS",""
OTROS,I010276,"CARGA F 75 OHM IMPORTADO",""
OTROS,N010276,"CARGA F 75 OHM NACIONAL",""
OTROS,I010340,"NVD1805DH-4I-4K IMPORTADO","DAHUA"
OTROS,N010340,"NVD1805DH-4I-4K NACIONAL",""
OTROS,N010365,"NVR2204-P-I NACIONAL",""
OTROS,N010366,"NVR608R-64-4KS2 NACIONAL",""
OTROS,N010368,"NVR2208-8P-I NACIONAL",""
OTROS,N010369,"NVR5216-16P-I/L NACIONAL",""
OTROS,I010365,"NVR2204-P-I IMPORTADO","DAHUA"
OTROS,I010366,"NVR608R-64-4KS2 IMPORTADO","DAHUA"
OTROS,I010368,"NVR2208-8P-I IMPORTADO","DAHUA"
OTROS,I010369,"NVR5216-16P-I/L IMPORTADO","DAHUA"
OTROS,N020029,"ADAPTADOR PIN GRUESO NACIONAL",""
OTROS,I020030,"EMPALME H-H  P/RG-6/RG-59 IMPORTADO",""
OTROS,N020030,"EMPALME H-H  P/RG-6/RG-59 NACIONAL",""
OTROS,GPS,"GPS",""
OTROS,N020043,"MINI CUPLER 9DB NACIONAL",""
OTROS,DHI-VTA8311A,"Totem de Emergencia","DHI-VTA8311A"
OTROS,Axxon Soft,"Plataforma gestión de video","Axxon Soft"
OTROS,DHI-EVS5124S,"Hadware de Grabación","DHI-EVS5124S"
OTROS,Instalación Puntos,"Instalación Puntos","Instalación Puntos"
OTROS,Publi,"PUBLICIDAD",""
OTROS,I010393,"NVR5464-4KS2 IMPORTADO","DAHUA"
OTROS,N010393,"NVR5464-4KS2 NACIONAL",""
OTROS,I010394,"NVR5432-16P-I/L IMPORTADO","DAHUA"
OTROS,N010394,"NVR5432-16P-I/L NACIONAL",""
OTROS,n020044,"MINI CUPLER 12DB NACIONAL",""
OTROS,020058,"NANO BEAM M5- 16DB NACIONAL","UBIQUITI"
OTROS,N020199,"FILTRO PASA ALTOS - HPF-54 NACIONAL",""
OTROS,N020182,"ADAPT. ENCHUFE MIX A OBLICUO NACIONAL",""
OTROS,N030037,"ZUNCHADORA NACIONAL",""
OTROS,N030039,"PASTECA SIMPLE NACIONAL",""
OTROS,N030041,"VFL 20 KM NACIONAL",""
OTROS,I030041,"VFL 20 KM IMPORTADO",""
OTROS,N030063,"PELADORA .500 NACIONAL",""
OTROS,N030089,"ZAPATA MOVIL P/ESC. EXTEN. NACIONAL","C/BULON y TUERCA"
OTROS,N030090,"VFL 10-20 KM NACIONAL","LITERNA P/F.O"
OTROS,I030090,"VFL 10-20 KM IMPORTADO","LITERNA P/F.O"
OTROS,OBRA,"OBRA",""
OTROS,N030095,"Antiparras FRAVIDA NACIONAL",""
OTROS,N030097,"MOTOSIERRA PROFESIONAL NACIONAL","PRO50-22' 49CC"
OTROS,DEPORTIVAS,"SEÑALES DEPORTIVAS",""
OTROS,BASICAS,"PROGRAMACIÓN SEÑALES BASICAS",""
OTROS,FOX,"SEÑALES PREMIUM",""
OTROS,MENSUAL,"PROGRAMACIÓN MENSUAL",""
OTROS,Mega002,"Megas Corral de Bustos",""
OTROS,Mega003,"Megas Cordoba Proy. Plaza 1",""
OTROS,Mega004,"Megas Cordoba Proy. Plaza 2",""
OTROS,N010402,"DISTRIBUIDOR ENERGIA 16A - EATON ATS",""
OTROS,I030103,"VFL HASTA 10 KM - CN IMPORTADO","LITERNA P/F.O"
OTROS,N030103,"VFL HASTA 10 KM - CN NACIONAL","LITERNA P/F.O"
OTROS,I030135,"MICROSCOPIO F.O. 400X IMPORTADO","T&M"
OTROS,N030135,"MICROSCOPIO F.O. 400X NACIONAL","T&M"
OTROS,030137,"ROTOMARTILLO ",""
OTROS,030145,"CONO SEGURIDAD VIAL","NARANJA/NEGRO"
OTROS,030147,"DISPENSADOR DE ACOHOL ISIPROP.",""
OTROS,030148,"CUTTER TRAPEZOIDAL 19mm",""
OTROS,030177,"GAS BUTANO REPUESTO P/SOPLETE",""
OTROS,030184,"BUSCAPOLO SIN CONTACTO - VIRU-VIRU ",""
OTROS,040032,"Acoplador Direccional 12db",""
OTROS,040044,"Ecualizador de Linea 9db",""
OTROS,I040098,"ADAPTADORES SC/APC IMPORTADO",""
OTROS,N040098,"ADAPTADORES SC/APC NACIONAL",""
OTROS,N040203,"FLEJE PERFORADO REGULABLE NACIONAL",""
OTROS,N040139,"TAPON SEGURIDAD 75 OHM NACIONAL","CR CC"
OTROS,INSTALACION,"INSTALACION, CONFIGURACION Y PUESTA EN MARCHA WI-FI",""
OTROS,ITEM1,"ITEM 1.1",""
OTROS,ITEM2,"ITEM 1.2",""
OTROS,ITEM3,"ITEM 1.3",""
OTROS,N030138,"KIT 3 PINZAS ALTO VOLTAJE PLANA-PUNTA-ALICATE",""
OTROS,N040205,"ANCLA DOBLE HELICE GALVANIZADA NACIONAL",""
OTROS,N040206,"GUARDA CABO MN-2016 NACIONAL",""
OTROS,N040207,"AISLADOR MN-20 (202032) NACIONAL",""
OTROS,N040220,"TAPON CIERRE MONOTUBO NACIONAL",""
OTROS,I040241,"AMPLIFIC. DE LINEA VA-860 IMPORTADO",""
OTROS,N040241,"AMPLIFIC. DE LINEA VA-860 NACIONAL",""
OTROS,N040253,"GRILLETE-GUARDACABO NACIONAL","ALUMINIO"
OTROS,N040254,"RETENCION AUTOAJUSTABLE NACIONAL",""
OTROS,N040302,"PRENSACABLE 3/16 METAL NACIONAL",""
OTROS,N040305,"MONOTUBO x Mts. NACIONAL",""
OTROS,N040311,"BITUBO x Mts NACIONAL",""
OTROS,N040325,"ECUALIZADOR DE LINEA 11DB NACIONAL",""
OTROS,N040326,"BORNE P/JABALINA 3/4 NACIONAL",""
OTROS,N040333,"TERMINAL TELEF. EMERGENCIA NACIONAL",""
OTROS,N060049,"CELULAR IPRO OPAL 4S NACIONAL",""
OTROS,N060073,"CONTROL ACCESO DHIASA4214F NACIONAL","DAHUA"
OTROS,I060073,"CONTROL ACCESO DHIASA4214F IMPORTADO","DAHUA"
OTROS,N060088,"MEMO RAM 16GB PC4 - 2400 NACIONAL","KINGSTON"
OTROS,N080050,"CAJA SEGURIDAD P/EMPOTRAR NACIONAL",""
OTROS,N080086,"BODYCAM  DH-MPT220 NACIONAL","DAHUA"
OTROS,I080086,"BODYCAM  DH-MPT220 IMPORTADO","DAHUA"
OTROS,N040307,"TRITUBO x mts. NACIONAL",""
OTROS,090001,"Mouse Melody",""
OTROS,090002,"Parlantes Melody",""
OTROS,090003,"Teclado Melody",""
OTROS,SEGURIZ952097,"MITIGACION 952097 SALTA","Transito IP"
OTROS,SEGURIZ952098,"MITIGACION 952098 CATAM-PERU","Transito IP"
OTROS,SEGURIZ952102,"MITIGACION 952102 P.GARCIA 175","Transito IP"
OTROS,I010297,"DCFW-1800E-N6008 SECURITY GATE",""
OTROS,N010297,"DCFW-1800E-N6008 SECURITY GATE",""
OTROS,MANT,"MANTENIMIENTOS VARIOS",""
OTROS,MEGAS,"MEGAS",""
OTROS,I080093,"BOTON ANTIPANICO RC978"," DAHUA - EMERGENCY BUTTON"
OTROS,I080094,"MICROF. M869"," DAHUA - MOBILE HAND MICROPHONE"
OTROS,N080093,"BOTON ANTIPANICO RC978 NACIONAL"," DAHUA - EMERGENCY BUTTON"
OTROS,N080094,"MICROF. M869 NACIONAL"," DAHUA - MOBILE HAND MICROPHONE"
OTROS,insumos,"EQUIPOS DE COMPUTACION 10,5%",""
OTROS,COMIS,"COM. BANCARIAS POR IMPORTACION",""
OTROS,SDOTECFAVAFIP,"SALDO TECNICO A FAVOR DE AFIP",""
OTROS,MES,"MES ",""
OTROS,PC,"COMPUTADORA",""
OTROS,N080097,"PULSADOR PUERTA SALDIDA T60B - NACIONAL",""
OTROS,N080098,"CERRADURA ELECTROMAGNETICA ",""
OTROS,PRESCAP,"CAPITAL PRESTAMOS",""
OTROS,insumos2,"EQUIPOS DE COMPUTACION 21%",""
OTROS,CARFIN,"Cargos Financieros ",""
OTROS,CREDEBYCRED,"Credito por Imp.Deb y Cred Bancario",""
OTROS,Vidrio01,"Reparación de piel de vidrio","1 Paño sector Gimnasio"
OTROS,TRANSITO IP,"TRANSITO IP",""
OTROS,VPN,"VPN/ L2L",""
OTROS,CERTIFICADO ,"CERTIFICADO",""
OTROS,REINSTALACION," COSTO REINSTALACION",""
OTROS,FUENTES,"FUENTES DOCSIS",""
OTROS,030067,"peladora de vaina acs/acs-2 de 5,32'-25,64'",""
OTROS,N060100,"TELEF. VOIP SIP-T19-E2 -- YEALINK",""
OTROS,CISI,"CISI",""
OTROS,TRASLADO,"SALDO INICIAL TANGO",""
OTROS,N030139,"KIT 12 DESTORNILLADORES ELECTR. DESARMABLES",""
OTROS,N030140,"MOTOSIERRA 52,0cc 510mm 2,8HP - NAFTA",""
OTROS,Pantallas,"Pantallas Video Wall","46' "
OTROS,Puesto de Trabajo,"Puesto de Trabajo - Centro de Monitoreo",""
OTROS,N030141,"PORTA BOBINA CHICO",""
OTROS,ManteInsREND,"Mantenimiento e Insumos Rendicion",""
OTROS,RECAUD,"Recaudación",""
OTROS,PEDFOND,"Solicitud de Fondos",""
OTROS,SALDO PROVIDERS TANGO,"SALDO INICIAL PROVIDERS TANGO",""
OTROS,SILLA,"SILLA EJECUTIVA DE OFICINA",""
OTROS,PINF90,"PIN FINO 90º",""
OTROS,MAUQINARIA,"MAQUINARIAS",""
OTROS,SN,"SUELDOS & JORNALES + MO",""
OTROS,EQUIPO,"COSTO DE INSTALACION Y EQUIPOS",""
OTROS,N060110,"PROCESADOR AMD 5PRO ",""
OTROS,N060111,"PLACA MADRE A520M-HDV AM4",""
OTROS,FUMIGACION,"FUMIGACION",""
OTROS,PXS,"Pago por subrogación",""
OTROS,Pode,"Poder General",""
OTROS,Estat,"Estatuto",""
OTROS,Const,"Constataciones",""
OTROS,Distrac,"Distractos",""
OTROS,Legali,"Legalización",""
OTROS,ENvCD,"Envio Carta Documento",""
OTROS,ENVDG,"Envio Documentación en General",""
OTROS,CedAzul,"Cedula Azul",""
OTROS,Transf,"Transferencia Automotor",""
OTROS,Tasas,"Tasa F.1924",""
OTROS,Tas,"Tasas Municipales (Legales)",""
OTROS,MYU,"Muebles y Utiles",""
OTROS,N080100,"PLAQUETA UNIVERSAL QD-U08PGC+ para A/A.",""
OTROS,MATERIALES AL 10.5,"MATERIALES AL 10.5",""
OTROS,MATERIALES AL 21,"MATERIALES AL 21",""
OTROS,SICGAN,"SICORE-GANANCIAS",""
OTROS,INST,"COSTO DE INSTALACION ",""
OTROS,DIRIP,"DIRECCIONES IP",""
OTROS,DETMIDDOS,"DETECCION Y MITIGACION DE DDOS","Transito IP"
OTROS,CAMBIO,"CAMBIO DE EQUIPO",""
OTROS,N020230,"FICHA PLUG HUECO c/PIN CENTRAL 6x4,3x1,2mm",""
OTROS,090201,"Sillas",""
OTROS,090005,"Teclado ",""
OTROS,VISITA ,"VISITA TECNICA",""
OTROS,SEGURIZ1067843,"MITIGACION 1067843 CORRAL DE BUSTOS","Transito IP"
OTROS,090301,"EQUIPOS CELULARES",""
OTROS,Sellobcrio,"Sello Bancario",""
OTROS,N040148,"TAPON CARGA 75 OHM - NACIONAL",""
OTROS,SUSTITUTO,"RETENCION GANACIA RESPONSABLE SUSTITUTO",""
OTROS,090304,"VINCHA AURICULAR",""
OTROS,090306,"SILLA DE ESCRITORIO ROYAL DESIGN",""
OTROS,AccesoD282622359,"Acceso Dinamico 282622359 - Capital Federal CPA","Acceso Dinamico"
OTROS,AccesoD282623943,"Acceso Dinamico 282623943 Rosario CPA","Acceso Dinamico"
OTROS,AccesoD282623796,"Acceso Dinamico 282623796 - Cordoba CPA","Acceso Dinamico"
OTROS,440509,"440509:342578 Central Acceso Extremo Adicionales","Central de Acceso Extremo"
OTROS,342578,"440509:342578 Mantenimiento","Central de Acceso Extremo"
OTROS,1286204,"Plaza Republica de Panama","Transito IP"
OTROS,1294244,"Plaza Luz Vieira Méndez","Transito IP"
OTROS,1327313,"Plaza Barrio Sastre","Transito IP"
OTROS,1327318,"Plaza Altos de Velez Sarfield","Transito IP"
OTROS,1367025,"Plaza Solares de Santa María","Transito IP"
OTROS,1376983,"Plaza Prof Dr Nimio de Anquin","Transito IP"
OTROS,1376989,"Plaza Juan XXIII","Transito IP"
OTROS,1446112,"Plaza Blas Parera","Transito IP"
OTROS,1485596,"Plaza 9 de Julio","Transito IP"
OTROS,1485664,"Plaza de la Virgencita","Transito IP"
OTROS,1485669,"Plaza Libertad","Transito IP"
OTROS,1547010,"Plaza Vicecomodoro Marambio","Transito IP"
OTROS,1547027,"Plaza Ecológica","Transito IP"
OTROS,1547051,"Parque Autoctono","Transito IP"
OTROS,1547059,"Plaza Alberdi","Transito IP"
OTROS,1640800,"Plaza Alfonsina Storni","Transito IP"
OTROS,1678663,"Plaza Soconcho","Transito IP"
OTROS,1679001,"Plaza Ampliacion San Pablo","Transito IP"
OTROS,1436697,"Plaza Smata","Transito IP"
OTROS,Capa,"SISTEMA CAPACITACIONES Y CONSULTAS",""
OTROS,HONpROF,"Verificador de Aduana (Importaciones)",""
OTROS,N030143,"CARETA APICULTOR",""
OTROS,BLOQUE I,"BLOQUE I",""
OTROS,BLOQUE II,"BLOQUE II",""
OTROS,BLOQUE III,"BLOQUE III",""
OTROS,BLOQUE IV,"BLOQUE IV",""
OTROS,BLOQUE V,"BLOQUE V",""
OTROS,IIBBCONVENIO,"CONVENIO / IIBB","IMPUESTOS"
OTROS,CFI,"Cargos Financieros Impositivo",""
OTROS,CANON,"CANON ENACOM",""
OTROS,3814110750,"3814110750 AccesoToncal IP","3814110750 AccesoToncal IP"
OTROS,AP,"CONFIGURACION AP",""
OTROS,Sueldos terceros,"Sueldos de terceros","Sueldos de terceros"
OTROS,Costos no deducibles,"Costos no deducibles","Cargos y otros no deducibles de ganancias"
OTROS,090310,"ALICATE DE CORTE OBLICUO",""
OTROS,090311,"CAMA de 1 PLAZA - QUEBRACHO BLANCO",""
OTROS,FUSIONES,"FUSIONES DE F.O.",""
OTROS,IPCZS,"DETALLE EQUIPOS :",""
OTROS,RETENCION,"RETENCION",""
OTROS,PREFORMADA,"RETENCION PREFORMADA",""
OTROS,FLEJE,"FLEJE",""
OTROS,HEBILLA,"HEBILLA",""
OTROS,VENTABSUSO,"Venta Bienes de Uso","Venta Bienes de Uso"
OTROS,N030181,"REPUESTO FILO CUTTER TRAPEZOIDAL X 10 UN.",""
OTROS,VENTA 10.5,"VENTA BIEN DE USO",""
OTROS,040033,"Acoplador Direccional 16db",""
OTROS,040031,"Acoplador Direccional 8db",""
OTROS,Vtacolumbo,"Deudores por Venta Columbo","Abonados columbo"
OTROS,090313,"ALICATE DE CORTE OBLICUO 6'",""
OTROS,N040187,"AMPLIFIC. DE LINEA 550 C/RETOR",""
OTROS,N010168,"DEMODULADOR TECSYS TS 5605 A - NACIONAL",""
OTROS,N030167,"DEVANADORA",""
OTROS,N040330,"ECUALIZADOR DE LINEA 09DB NACIONAL",""
OTROS,N040034,"INSERTOR DE POTENCIA 60/90V - NACIONAL",""
OTROS,N030168,"JUEGO DE LLAVER TORX",""
OTROS,N030169,"JUEGO DE LLAVES T (11, 12, 13 Y 14)",""
OTROS,N030170,"LIMA DE METAL ",""
OTROS,N010429,"MINI MODE DFB MN 870 MHZ 2 MW",""
OTROS,N010433,"MODULO DE MONITOREO TA8604JL-R",""
OTROS,N030182,"MORDAZA TIPO PEINE UNIVERSAL",""
OTROS,N030185,"TIJERA PARA OJALATA",""
OTROS,SINDICATO,"Sindicato ","cuota sindical a pagar"
OTROS,OBRAENCURSO,"Obra en Curso","Proyectos/obras"
OTROS,CHRECHAZADO,"Cheque Rechazado","rechazo de valores propios y terceros"
OTROS,MANTENIMIENTOMAQUINARIA,"Mantenimiento Maquinarias","todo tipo de mantenimiento a las maquinarias"
OTROS,GOCUENPARTICULAR,"GO deudas fiscales","deudas impositivas nacionales y provinciales"
OTROS,N010436,"NVR4232-4KS/L - DAHUA",""
OTROS,CTASOCIO,"Cuenta particular P.Olarte","Cuenta Particular socios"
OTROS,N050002,"ANTIPARRAS",""
OTROS,N050004,"MASCARA PARA SOLDAR",""
OTROS,N050103,"PERFORADORA",""
OTROS,N050105,"ABROCHADORA",""
OTROS,N050106,"PORTALAPICES",""
OTROS,N050107,"LAPICERAS",""
OTROS,N050108,"ART. VARIOS DE LIBRERÍA",""
OTROS,N030186,"ODOMETRO",""
OTROS,N030188,"PUNTA PARA SOPLETE AEROSOL",""
OTROS,equipos 10.5,"EQUIPOS",""
OTROS,N020305,"PITON Nº8 NACIONAL",""
OTROS,N020306,"PITON Nº6 NACIONAL",""
OTROS,N020179,"IP-TV BOX (muestra) NACIONAL",""
OTROS,I020179,"IP-TV BOX (muestra) IMPORTADO",""
OTROS,HONORARIOS,"Honorario por Gerenciamiento y Asesoramiento Legal, Fiscal y Contable ",""
OTROS,KITS,"ENTREGA DE KITS + INSTALACION",""
OTROS,gasnorysat,"Gasnor - Sat","Gas y Agua a pagar"
OTROS,N030191,"BOCALLAVE HEXAGONAL 1/2' X 11 MM",""
OTROS,N030194,"BOCALLAVE HEXAGONAL 1/2' X 10 MM",""
OTROS,N030195,"BOMBA VACIO 70 LTS/M",""
OTROS,N030196,"GARRAFA P/SOLDADURA REFRIG. 400 G",""
OTROS,N030198,"MANOMETRO/MANIFOLD CUERPO DE BRONCE",""
OTROS,N030199,"PUNZON EXPANSOR",""
OTROS,N030200,"VARILLA PARA SOLDAR PLATA",""
OTROS,N030201,"PICO PARA SOLDAR GIRATORIO",""
OTROS,N030099,"LETROGRAFO PLASTICO X 30 MM",""
OTROS,N030101,"MARCADOR AL ACEITE PUNTA REDONDA COLOR NEGRO",""
OTROS,item 1,"15 PUNTOS DE CONEXION FTTH 30/15 PROVIDERS ",""
OTROS,ITEM 2,"5 PUNTOS DE CONEXION TRAFICO FTTH ENTRE DC Y PLAZA  BW 30/15 PROVIDERS",""
OTROS,TRABAJOS,"TRABAJO DE REFACCION Y REACONDICIONAMIENTO",""
OTROS,100001,"Bornera De Paso 6mm",""
OTROS,100002,"Bornera De Paso 6mm Bpn",""
OTROS,100015,"Cajas octogonales p/electricidad",""
OTROS,100016,"Cajas rectangulares p/electricidad",""
OTROS,100046,"Impresora marca Brother DCP-L5600DN multifunción",""
OTROS,100052,"Jabalina 5/8 X1m",""
OTROS,100056,"PatchFO SC/APC to SC/APC SM 15Mts Sim Verde",""
OTROS,100057,"Periscopio de 6 salidasas cableado",""
OTROS,100060,"PLACA HUAWEI 16 PORT",""
OTROS,100063,"PUENTE FIJO PARA BORNE de 6 mm",""
OTROS,100065,"Riel DIN",""
OTROS,100066,"Rosca tomacable T2",""
OTROS,100068,"Soporte",""
OTROS,100070,"Tablet Samsung Galaxy Modelo Tab10",""
OTROS,MERCREC,"mercaderia a recibir","compra de mercaderia pte de recepcion"
OTROS,MERCREC10.5,"mercaderia a recibir 10.5","compra de mercaderia pte de recepcion"
OTROS,100106,"BOTON ANTIPANICO RC978"," DAHUA - EMERGENCY BUTTON"
OTROS,100107,"MICROF. M869"," DAHUA - MOBILE HAND MICROPHONE"
OTROS,N030203,"CUTTER COMUN 18mm",""
OTROS,N030204,"REPUESTO FILO CUTTER 18mm",""
OTROS,100118,"Bornera De Paso 6mm x10","Bornera De Paso 6mm x10"
OTROS,100123,"Cajas de acceso  en las instituciones","Cajas de acceso  en las instituciones"
OTROS,100127,"Filtro de linea 220V 10A","Filtro de linea 220V 10A"
OTROS,100135,"Pulsador de emergencia NC - NA","Pulsador de emergencia NC - NA"
OTROS,PAQUETE,"PAQUETE CODIFICADO FUTBOL",""
OTROS,1851935,"Plaza Cayol","Transito IP"
OTROS,1851965,"Plaza Moreira","Transito IP"
OTROS,1858720,"Plaza Capitan Manzoti","Transito IP"
OTROS,1869924,"Plaza Venezuela","Transito IP"
OTROS,1869932,"Plaza Paganetto","Transito IP"
OTROS,1869939,"Plaza Fuentealba","Transito IP"
OTROS,1869953,"Plaza San Jorge","Transito IP"
OTROS,1881848,"Plaza Panamericano","Transito IP"
OTROS,1881864,"Plaza ATE","Transito IP"
OTROS,1888470,"Plaza Colinas Velez Sarfield","Transito IP"
OTROS,1888479,"Plaza California","Transito IP"
OTROS,1888500,"Plaza Ayacucho","Transito IP"
OTROS,1891860,"Plaza de los Rios","Transito IP"
OTROS,1891904,"Plaza Las Dalias","Transito IP"
OTROS,1906613,"Plaza Nuñez",""
OTROS,1906642,"Plaza Empalme","Transito IP"
OTROS,1921384,"Plaza Zumaran","Transito IP"
OTROS,1927629,"Plaza Congreso de Tucuman","Transito IP"
OTROS,1928232,"Plaza San Fernando","Transito IP"
OTROS,1928509,"Plaza Kennedy","Transito IP"
OTROS,1928514,"Plaza CV Kennedy","Transito IP"
OTROS,1928528,"Plaza San Jose Obrero","Transito IP"
OTROS,1945651,"Plaza El Trebol","Trsnito Ip"
OTROS,1945660,"Plaza Arenas","Transito IP"
OTROS,1945665,"Plaza 17 de Julio","transito IP"
OTROS,GRUPOELECTROGENO,"Grupo Electrogeno Guardian 8 KVA Monofasico","grupo electrogeno"
OTROS,N040155,"TORNIQUETE Nº5 ZINCADO",""
OTROS,N010501,"DSLAN",""
OTROS,N010502,"ARRIS DSR 4450",""
OTROS,N010513,"IRD EXO",""
OTROS,N020400,"mesa en L con cajones 150 x 150",""
OTROS,N020409,"FILTRO PASA ALTOS PCT-HPFA-102",""
OTROS,N040503,"CENTRAL TELEFONICA ARRIS 2020 ",""
OTROS,N040504,"EQUIPO DE TRAMA TELEFONICA ",""
OTROS,N060201,"PLACA DE CONTESTADOR TELEFONICO",""
OTROS,N060202,"QAM ND530 16 IN 1",""
OTROS,N090100,"ESCRITORIO 1 MTS",""
OTROS,N090101,"ESCRITORIO 1,4-1,5 MTS",""
OTROS,N090102,"GRUPO ELETROGENO 15 KVA",""
OTROS,N090103,"ESCRITORIO EN L 120 x 120",""
OTROS,N090104,"impresora HP laserjet pro m521",""
OTROS,N090105,"lector de huella digital",""
OTROS,N090106,"maquina de contar",""
OTROS,N090108,"Sillas de oficina",""
OTROS,N060212,"Mouse ",""
OTROS,BPAyps,"BIENES PERSONALES ACCIONES Y PARTICIPACION SOCIETARIA",""
OTROS,ASISTENCIA,"ASISTENCIA",""
OTROS,RELOJ,"RELOJ CONTROL DE ACCESO",""
OTROS,TRACTOR 10.5%,"TRACTOR",""
OTROS,N030306,"MACHETE TIPO CIRIRI-20'",""
OTROS,VIRTUALIZACION,"VIRTUALIZACION",""
OTROS,EJEMPLO,"MATERIAL X",""
OTROS,SILLASS,"Sillas",""
OTROS,N080101,"ELECTRODO 2,5mm P/SOLDAR - PUNTA AZUL",""
OTROS,N060214,"PROYECTOR BENQ MP611",""
OTROS,N030309,"ADAPTADOR SDS + MANDRIL PARA ROTOMARTILLO",""
OTROS,I060085,"SOPORTE BRACKET - PKC-MS0A P/LCH75 - IMPORTADO","DAHUA"
OTROS,N060085,"SOPORTE BRACKET - PKC-MS0A P/LCH75 - NACIONAL","DAHUA"
OTROS,SERVSEG,"SEGURIDAD PRIVADA",""
OTROS,RECARGO,"RECARGO BILLETES BAJA NOMINACION",""
OTROS,OSDE,"OSDE FLIA OLARTE","SERVICIO DE MEDICINA LABORAL"
OTROS,ASISTENCIASOPO,"SOPORTE Y ASISTENCIA",""
OTROS,MANTVE,"MANTENIMIENTO VEHICULOS",""
OTROS,PASACABLESP,"PASACABLE PLASTICO",""
OTROS,FOR,"INSTALACION",""
OTROS,N080102,"PULSERA ELECTRONICA - KIT COMPLETO",""
OTROS,MITIGACION 1238277,"MITIGACION 1238277","Transito IP"
OTROS,N030312,"MESA PLEGABLE PARA FUSIONAR",""
OTROS,N060215,"NETEBOOK HP ",""
OTROS,N040510,"CASSETTE P/BOTELLA DE EMPALME",""
OTROS,N010682,"DVD NOBLEX DVH1700",""
OTROS,N080104,"RELOJ BIOMETRICO ANVIZ",""
OTROS,N060220,"REFLECTORES 30W",""
OTROS,N010694,"TRANSMISOR CATV TUOLIMA",""
OTROS,N060227,"CONTROL ACCESO - HUELLA DIGITAL",""
OTROS,I030317,"ADAPTADOR ETHERNET",""
OTROS,N030317,"ADAPTADOR ETHERNET",""
OTROS,20SW000153268,"R-SW-AOS-PRO PRD",""
OTROS,Reinstatement Fees,"Reinstatement Fees",""
OTROS,20SM6L280497,"RS-HW-PRD-MY",""
OTROS,PORTAL,"PORTAL CAUTIVO",""
OTROS,N040512,"KIT DE INSTALACION STARLINK",""
OTROS,R1,"CAMISA DE JEAN TALLE 52",""
OTROS,R2,"CAMISA DE JEAN TALLE 40",""
OTROS,R3,"CAMISA DE JEAN TALLE 42",""
OTROS,R4,"PANTALON DE JEAN TALLE 42",""
OTROS,R5,"PANTALON DE JEAN TALLE 40",""
OTROS,R6,"PANTALON DE JEAN TALLE 52",""
OTROS,R7,"CAMPERA POLAR TALLE 'L'",""
OTROS,R8,"CAMPERA POLAR TALLE 'XXL'",""
OTROS,N080105,"CABO DE VIDA ANTICAIDA",""
OTROS,N080107,"BANDERA DE PELIGRO",""
OTROS,N080108,"GAFAS OSCURAS DE SEGURIDAD",""
OTROS,N010312,"TIME CREATOR 1000SYMMETRICOM",""
OTROS,N030325,"VIDRIO OSCURO MASCARA SOLDAR",""
OTROS,N030326,"VIDRIO TRANSPARENTE MASCARA SOLDAR",""
OTROS,N080822,"KIT MICROF. P/CELULAR C/CAPUCHON Y AURICULAR",""
OTROS,N080823,"BRAZO HIDRAULICO P/PUERTA",""
OTROS,N030331,"PINCEL CHICO",""
OTROS,N030332,"PINCEL MEDIANO",""
OTROS,N030333,"PINCEL GRANDE",""
OTROS,N030335,"CONVERTIDOR DE OXIDO",""
OTROS,N080827,"CAÑO ESTRUC. 100x100x1,6",""
OTROS,N080828,"ESTOPA",""
OTROS,N080831,"ESTUFA/ CALOVENTOR",""
OTROS,N080832,"PESTILLO ELECTRONICO",""
OTROS,N080839,"CUADERNO GRANDE",""
OTROS,N080840,"CUADERNO CHICO",""
OTROS,N080841,"MARCADOR RESALTADOR",""
OTROS,N080842,"MARCADOR AL AGUA",""
OTROS,N080843,"MARCADOR INDELEBLE",""
OTROS,N080844,"MARCADOR PARA PIZZARRA",""
OTROS,N080845,"FOLIO OFICIO",""
OTROS,N080846,"FOLIO A4",""
OTROS,N080847,"SOBRE OFICIO INGLES",""
OTROS,N080848,"LAPIZ NEGRO",""
OTROS,N080849,"GOMILLAS",""
OTROS,N080850,"BROCHES 10/50",""
OTROS,N080851,"BROCHES 21/6",""
OTROS,N080852,"BROCHES 23/6",""
OTROS,N080853,"BROCHES 23/8",""
OTROS,N080854,"BROCHES 24/6",""
OTROS,N080856,"CLIPS N°3",""
OTROS,N080857,"CLIPS N°6",""
OTROS,N080859,"CAJA ARCHIVO OFICIO/LEGAL",""
OTROS,N080863,"PLANCHUELA 1/2 X 3/16",""
OTROS,N080867,"PINTURA SINTETICA VERDE JHON DHEERE",""
OTROS,N030341,"TINER / THINNER",""
OTROS,N080868,"DELANTAL CUERO DESCARNE",""
OTROS,N080871,"LADRILLO HUECO",""
OTROS,N080875,"PROCESADOR DE AUDIO FM - M31",""
OTROS,N080876,"EXCITADOR FM - M31",""
OTROS,N080877,"ADAPTADOR P/RIEL DIN",""
OTROS,N080878,"PISOCANAL",""
OTROS,N080880,"FICHA MACHO",""
OTROS,N080881,"CAÑO ESTRUC. 100x20x1,6",""
OTROS,N080882,"CAÑO ESTRUC. 15x15x1,6",""
OTROS,N080883,"ENDUIDO",""
OTROS,N080885,"YESO",""
OTROS,N080886,"LIJA A AGUA 120 GR",""
OTROS,N080888,"TIRAFONDO N°10",""
OTROS,N060238,"HUB USB x4 PUERTOS",""
OTROS,N080808,"POST IT",""
OTROS,N080809,"CORRECTOR LIQUIDO",""
OTROS,N080810,"PERFORADOR MEDIANO",""
OTROS,N010707,"CONSOLA SONIDO - AUDIO",""
OTROS,CTASOCIOgo,"Cuenta particular G.Olarte","Cuenta Particular socios"
OTROS,CTASOCIOLr,"Cuenta particular L.Ritzer","Cuenta Particular socios"
OTROS,N080897,"UNION ¾'",""
OTROS,MB,"MEGAS",""
OTROS,LAN2LAN,"LAN2LAN",""
OTROS,N080899,"CANDADO CHICO",""
OTROS,N080900,"CANDADO MEDIANO",""
OTROS,N080901,"CANDADO GRANDE",""
OTROS,N080903,"HORNO MICROONDAS",""
OTROS,OBRA SOCIAL PLAN 210- OSDE,"OBRA SOCIAL PLAN 210- OSDE","OBRA SOCIAL PLAN 210- OSDE"
OTROS,N062240,"LFD 55' VIDEO WALL 500 NITS",""
OTROS,PREOC,"Examenes preocupacionales",""
OTROS,CTAPARTJLD,"Cuenta particular J Diez","Cuenta Particular socios"
OTROS,N062242,"TV 32'",""
OTROS,N080908,"DH PFB121W SOPORTE ARTICULADO",""
OTROS,N080909,"DHM-MAE-D200 BASE ACOPLAMIENTO",""
OTROS,N080912,"LCD DHL-FJ ACCESORIOS LCD VIDEOWALL",""
OTROS,N080913,"LS-E-L BARRA P/VIDEWALL",""
OTROS,N080917,"MP06 INTERCOMUNICADOR 2 VIAS",""
OTROS,N080918,"MPT320 TERMINAL MOVIL ",""
OTROS,N080919,"NVR5216-8P-I/L",""
OTROS,N080921,"NVR608-32-4KS",""
OTROS,N062243,"KIT TECLADO Y MOUSE INALAMBRICO",""
OTROS,N080922,"MANGUERA  ½'",""
OTROS,N080923,"TOKEN ePASS2003",""
OTROS,N080925,"CERRADURA PUERTA ",""
OTROS, N080928,"REMACHE POP",""
OTROS,N080937,"ALAMBRE NEGRO",""
OTROS,N080940,"FILM STRETCH SIN CONO",""
OTROS,N080941,"SUPERBOARD 15mm - 1,20x2,40mts",""
OTROS,OB ENACOM,"OBRA ENACOM",""
OTROS,N090111,"Matafuegos",""
OTROS,N030350,"BUSCAPOLO 140mm",""
OTROS,N080945,"RIEL DIN 35mm x1mt.",""
OTROS,N080946,"CAÑO ESTRUC. 2'x1,6mm",""
OTROS,TENDRED,"TASA MUNICIPAL TENDIDO RED TV","TASA MUNICIPAL TENDIDO RED TV"
OTROS,TISSH,"Tasa por Inspección Seguridad Salubridad e Higiene",""
OTROS,N080951,"MOLDURA MADERA x3mts",""
OTROS,N080954,"ESMALTE SINTETICO",""
OTROS,N080956,"ESTAÑO 40% 1,2mm x 1,5mts",""
OTROS,N080957,"BOTIN DE SEGURIDAD (PAR)",""
OTROS,N080960,"FICHA HEMBRA",""
OTROS,N030357,"SOLDADOR ESTAÑO TIPO LAPIZ",""
OTROS,N080961,"PALLET ARLOG",""
OTROS,N080963,"TIJERA",""
OTROS,N080964,"BORRADOR PIZZARRA VIDRIO",""
OTROS,N080965,"MATAFUEGOS",""
OTROS,N080966,"OJO DE BUEY LUMINOSO",""
OTROS,N080967,"FAJA LUMBAR",""
OTROS,N080969,"CANILLA MONOCOMADO FRIA",""
OTROS,N080971,"CAMISA JEANS",""
OTROS,N080972,"PANTALON JEANS",""
OTROS,N080973,"CHOMPA PIQUE",""
OTROS,N030360,"KIT DESTORNILLADORES PERILLEROS",""
OTROS,ANTPERS,"ANTICIPOS AL PERSONAL",""
OTROS,PRESTPER,"PRESTAMOS AL PERSONAL",""
OTROS,N080975,"FUSIBLE 10 Amp.",""
OTROS,N080976,"PORTA FUSIBLE",""
OTROS,N040519,"ECUALIZADOR DE LINEA 08DB ",""
OTROS,EMBARGO SUELDOS,"EMBARGO SUELDOS","EMBARGO SUELDOS"
OTROS,N080977,"ESTAÑO",""
OTROS,N062247,"PLACA DE RED PCI",""
OTROS,N020470,"ADAPT. ENCHUFE MIX A REDONDO",""
OTROS,N080980,"UNION 1/2'",""
OTROS,N080983,"SELLAROSCA",""
OTROS,N040225,"AP CNPILOT E502S-11AC-30º",""
OTROS,N080984,"RECIBOS USARES 1825 CARBONICO QUIMICO",""
OTROS,N080985,"BIBLIORATO",""
OTROS,RCOS,"RECUPERO OBRA SOCIAL",""
OTROS,N062250,"IMPRESORA","IMPORTADO"
OTROS,N080988,"RESMAS",""
OTROS,N080989,"Conjunto de tablilla metalicas de 2300x1000mm",""
OTROS,PERSONAL,"PERSONAL 3ROS",""
OTROS,N080990,"GRUPO ELECTROGENO CUMMINS C45 D5 4",""
OTROS,10104,"AREA PROTEGIDA","SERVICIO DE ASISTENCIA MEDICA PARA USUARIOS EN EL LOCAL"
OTROS,N062254,"IMPRESORA BROTHER HL-L6400DW",""
OTROS,N062256,"DRUM ALT",""
OTROS,SOPORTE IP,"SOPORTE IP CLASE C",""
OTROS,DISTRIBUCION,"SERV DE DISTRIBUCION DE FC Y REVISTAS",""
OTROS,N030102,"MARCADOR AL ACEITE PUNTA REDONDA COLOR BLANCO",""
OTROS,CCCGO,"PLATAFORMA CCC GO",""
OTROS,N080995,"TABLERO DE TRANSFERENCIA P/GRUPO ELECTROG.",""
OTROS,N080996,"FRATACHO C/GOMA ESPUMA",""
OTROS,N080997,"FRATACHO METALICO",""
OTROS,ARRIENDO,"ARRIENDO","ARRIENDO OPERATIVOS"
OTROS,N080998,"BARNIZ",""
OTROS,OBRA SOCIAL,"ADICIONAL OBRA SOCIAL","ADICIONAL OS DESCONTADA A EMPLEADO"
OTROS,OPERATIVOS,"OTROS COSTOS OPERATIVOS",""
OTROS,CONTENIDO,"ACTUALIZACION DE CONTENIDOS WEB",""
OTROS,XLM,"METADATA PLATAFORMA CCC GO",""
OTROS,FEE,"BUSCADOR DE PROGRAMACION WEB",""
OTROS,ABL,"INST DE EQUIPO DE GPS EN MOVILES","EQUIPOS EN COMODATO"
OTROS,N081000,"CAÑO CORRUGADO",""
OTROS,AVPUB,"AVISOS PUBLICITARIOS",""
OTROS,N040521,"ECUALIZADOR DE LINEA 20DB NACIONAL",""
OTROS,N040522,"TORNIQUETE Nº 3",""
OTROS,N040523,"TORNIQUETE Nº 7",""
OTROS,N040524,"TORNIQUETE DOBLE",""
OTROS,N081008,"PILETA DE PISO",""
OTROS,N081009,"MASILLA",""
OTROS,N081014,"PLACA DE YESO",""
OTROS,N081015,"CAJA LUZ P/ EMPOTRAR",""
OTROS,N081018,"TUBO MULTICAPA",""
OTROS,N062261,"Micro Intel Xeon Silver 4214R 2.4GHz",""
OTROS,I062261,"Micro Intel Xeon Silver 4214R 2.4GHz-IMPORTADO",""
OTROS,N081021,"LANA DE VIDRIO",""
OTROS,N081022,"MALLA P/SOPORTE ASILANTE",""
OTROS,N081023,"CERAMICO",""
OTROS,N081027,"PASTINA",""
OTROS,N081028,"PUERTAS",""
OTROS,N081029,"BOCA DE ACCESO CLOACAL ",""
OTROS,N081030,"TIRAFONDO",""
OTROS,N040525,"AMPLIFIC. DE LINEA 750",""
OTROS,N081039,"Etoken et5110+ (Level 2)",""
OTROS,N081040,"Etoken et5110+ (Level 3)",""
OTROS,N030367,"KIT PINZAS BRUSELAS",""
OTROS,N081044,"RODILLO",""
OTROS,N081045,"INODORO",""
OTROS,N081046,"PINTURA",""
OTROS,N081047,"KIT AUXILIO P/AUTOMOVIL",""
OTROS,N030369,"ESPATULA",""
OTROS,N030372,"DESMALEZADORA",""
OTROS,N081048,"Capacitores de 20µf v 600 Volt",""
OTROS,N081049,"BOMBA DE AGUA CENTRIFUGA",""
OTROS,N040527,"BARRA DE ANCLAJE","IMPORTADO"
OTROS,N020501,"DECODER IDS",""
OTROS,N081057,"MEMBRANA IMPERMEABLE ",""
OTROS,VtaCCC,"Deudores por Venta CCC","Abonados columbo"
OTROS,N081058,"CIRCUITO INTEGRADO",""
OTROS,N010775,"REPRODUCTO DVD - USB",""
OTROS,N081060,"CAPA P/LLUVIA",""
OTROS,N081064,"ELEMENTO DE AMARRE 1004",""
OTROS,N081065,"ELEMENTO DE AMARRE ANTICAIDA 3001/2",""
OTROS,N081066,"ELEMENTO DE AMARRE ANTICAIDA 3008/2",""
OTROS,N081068,"GAFAS DE SEGURIDAD",""
OTROS,N081069,"CHALECO SEGURIDAD VIAL ",""
OTROS,N081071,"ELEMENTO DE AMARRE CODIGO 1015",""
OTROS,N081072,"BOTIQUIN",""
OTROS,N081073,"BARBIJO DESCARTABLES",""
OTROS,N081074,"AEROSOL PINTURA AZUL 440 CM.TERSUAVE ",""
OTROS,N081075,"AEROSOL PINTURA BLANCA 440 CM.TERSUAVE",""
OTROS,N062262,"PEN DRIVE 16 GB",""
OTROS,N081087,"FUSIBLE 15 Amp.",""
OTROS,N020518,"JUNUO TV STICK",""
OTROS,I020518,"JUNUO TV STICK-IMPORTADO",""
OTROS,N081092,"CLIP",""
OTROS,N081093,"ALAMBRE 12",""
OTROS,N081094,"ALAMBRE 18/19",""
OTROS,N081095,"BROCHES",""
OTROS,N062263,"MICRO PROCESADOR INTEL CORE I7 ",""
OTROS,N081096,"ARTICULO C/DESCRIPCION EN PARTIDA",""
OTROS,N081099,"KIT MICROFONO INALAMBRICO",""
OTROS,N040546,"MÓDULO SUBTRONCAL MAGNAVOX PHILIPS",""
OTROS,N081100,"DRUM / UNIDAD DE IMAGEN P/IMPRESORA",""
OTROS,N081101,"MEDIA SOMBRA",""
OTROS,N020522,"MASTIL DE 2 MTS","PARA ANTENA AIRE"
OTROS,N020523,"ADAPTADOR USB A HDM",""
OTROS,N040548,"MODULO CON DESCRIPCIÓN EN PARTIDA",""
OTROS,N040549,"NODO CON DESCRIPCION EN PARTIDA",""
OTROS,N081103,"RECIBO",""
OTROS,N081104,"MINA LAPIZ",""
OTROS,N081105,"CARPETA",""
OTROS,N081107,"REGLA",""
OTROS,N081109,"CARBONICO",""
OTROS,N081111,"BROCHE NEPACO",""
OTROS,N081112,"ROLLO DE PAPEL P/CALCULADORA",""
OTROS,N081114,"PEGAMENTO EN BARRA",""
OTROS,N081102,"SOBRE",""
OTROS,N081119,"ANTIOXIDO",""
OTROS,N030379,"OSCILOSCOPIO",""
OTROS,N030381,"KIT TUBOS x25 Pzs. C/CRICKET 1/2'",""
OTROS,N081125,"MALLA DESOLDANTE",""
OTROS,N081126,"ROLLO PAPEL P/FAX",""
OTROS,N020525,"FILTRO PASABANDA LTE DE UHF",""
OTROS,N081131,"CAJA ESTANCO 20X20",""
OTROS,N081132,"CAÑO",""
OTROS,N081133,"CODO",""
OTROS,N081134,"UNION DOBLE",""
OTROS,N081136,"CANALETA",""
OTROS,N081137,"CAPACITOR 20UF /440V",""
OTROS,N010736,"GUIA DE ONDA ",""
OTROS,N081138,"SELLADOR",""
OTROS,N081139,"CAPACITOR",""
OTROS,N081140,"DIODO",""
OTROS,N081141,"MOSFET IRF840",""
OTROS,CERT,"Certificaciones Bces",""
OTROS,N081143,"ART. VARIOS DE LIMPIEZA",""
OTROS,N062264,"PLACA MADRE",""
OTROS,N062268,"PLACA DE VIDEO",""
OTROS,MORA,"RECARGO POR MORA",""
OTROS,N081144,"PERFIL",""
OTROS,N081145,"MICROFONO P/PODCASTS",""
OTROS,N081147,"SOPORTE PIE P/MICROFONO",""
OTROS,N081149,"PLACA PCI 7 PUERTOS USB",""
OTROS,N081153,"TRIPODE C/SOPORTE P/CELULAR",""
OTROS,N081150,"LIBROS SOCIETARIOS",""
OTROS,N020529,"MASTIL DE 3 MTS",""
OTROS,N020530,"BOOSTER UHF 4G REG 19-34DB 12-24VDC",""
OTROS,N081151,"MOSFET Irfp360lc Irfp360 400V 23A",""
OTROS,N081152,"MOSFET Irlr3705z Irlr3705 Lr3705z 55 V",""
OTROS,N081156,"CONSOLA CONTROL P/STREAMING - 15 TECLAS",""
OTROS,N081157,"FICHA CANON Xlr MACHO y HEMBRA (xPar)",""
OTROS,N081158,"ACEITE EN AEROSOL",""
OTROS,N081159,"GRASA EN AEROSOL",""
OTROS,N081160,"GRASA DISIPADORA DE CALOR",""
OTROS,MEDICINA LABORAL,"MEDICINA LABORAL","MEDICINA LABORAL"
OTROS,N081162,"CEPILLO",""
OTROS,N081163,"FILM STRETCH 10cm",""
OTROS,N081164,"VARILLA ROSCADA",""
OTROS,N081165,"CONTADORA DE BILLETES",""
OTROS,N081168,"ALARGUE USB M/H",""
OTROS,N081169,"AURICULAR",""
OTROS,N040558,"PLANCHUELA PERFORADA 0.25M",""
OTROS,N030036,"PERTIGA",""
OTROS,N081170,"CONTACFLUX - FLUX",""
OTROS,N020052,"UNIFI AP OUTDOOR",""
OTROS,BOLD,"Licenciamiento de módulos para app Go Tv",""
OTROS,N081171,"TOTEM DE EMERGENCIA",""
OTROS,N081173,"PORTALAMPARA",""
OTROS,N030386,"ALARGUE ELECTRICO 10 MTS",""
OTROS,N030388,"GATO HIDRAULICO",""
OTROS,N081178,"NEUMATICO - CUBIERTAS",""
OTROS,N030389,"MACHO P/ROSCAR",""
OTROS,N030390,"PORTAMACHO P/ROSCAR",""
OTROS,N081182,"GOMA P/BORRAR",""
OTROS,N081183,"SACAPUNTAS",""
OTROS,N081184,"CUTER TRINCHETA",""
OTROS,N010752,"QSFP - MODULO 40G-20KM BIFILAR ",""
OTROS,N062270,"PEN DRIVE ",""
OTROS,N0450415,"CARCASA DE NODO CON DESCRIPCION EN PARTIDA",""
OTROS,N030391,"KIT DE LIMPIEZA Y MANTENIMIENTO P/SOLDAR",""
OTROS,N081186,"GAZEBO PLEGABLE 3x3",""
OTROS,N081190,"INTERFAZ AUDIO AI-MICRO 2 CANALES 3,5mm",""
OTROS,N081191,"FUNDA CAPUCHON P/MICROFONO",""
OTROS,N081192,"SOPORTE ATRIL PARA CELULAR o TABLET",""
OTROS,expensas JC,"expensas JC ",""
OTROS,N081193,"GRUPO ELECTROGENO ",""
OTROS,N081194,"MICROFONO",""
OTROS,FACTTC,"FACTURAS TC A RECIBIR","FC DE TC AMEX-VISA-MERCADO PAGO"
OTROS,N081195,"BORNE P/JABALINA PUESTA TIERRA",""
OTROS,N081196,"JABALINA PUESTA TIERRA",""
OTROS,N081197,"BOTÓN PULSADOR 28MM TIPO ARCADE",""
OTROS,N081198,"FICHA PUG 1/4' - 6,5mm AUDIO",""
OTROS,N030397,"KIT DE LIMPIEZA P/CELULARES",""
OTROS,N081201,"BISAGRA",""
OTROS,N081202,"CERRADURA PUERTA - DOBLE PERNO",""
OTROS,N081203,"HIDROLAVADORA",""
OTROS,N081204,"LIJA",""
OTROS,OBRAEDET,"OBRA EDET ","CARGOS DE ENERGIA EXENTOS"
OTROS,N081207,"LIMITE DE CARRERA P/PORTON",""
OTROS,N081211,"TANZA",""
OTROS,N030400,"CORTA VIDRIO",""
OTROS,N030402,"ESCUADRA MAGNETICA",""
OTROS,N081213,"ACEITE",""
OTROS,N030403,"GATO TIJERA",""
OTROS,N081217,"PEGAMENTO",""
OTROS,ACCIONES,"ACCIONES CON COTIZACION",""
OTROS,N081219,"FUNDA BOLSO DE PROTECCION",""
OTROS,APPGO,"APLICACION TV",""
OTROS,N081220,"KEROSENE",""
OTROS,N081222,"PORTA LAPICES",""
OTROS,N081223,"CAJA ESTANCO",""
OTROS,I081058,"CIRCUITO INTEGRADO-IMPORTADO ",""
OTROS,N010787,"PLACA CAPTURA - REPRODUCCION SDI 4K - BLACKMAGIC DECKLINK",""
OTROS,N081226,"LUZ DE EMERGENCIA",""
OTROS,N081227,"INTERCOMUNICADOR",""
OTROS,N020552,"MANGUERA",""
OTROS,N020554,"AISLANTE P/CAÑO DE COBRE",""
OTROS,N030407,"MANGO CRIQUE",""
OTROS,N010789,"PUERTA DE ENLACE VOIP - GATEWAY",""
OTROS,N081228,"BALIZA",""
OTROS,I010795,"MULTIPLEXOR NDS3107C-IMPORTADO","IMPORTADO"
OTROS,N010795,"MULTIPLEXOR NDS3107C",""
OTROS,RACC,"RENDIMIENTO ACCIONES CON COTIZACION",""
OTROS,ARACC,"ARANCELES ACCIONES CON COTIZACION",""
OTROS,BORD,"PARTICIPACION BORDERAUX SHOW FUTTURA, HIPODROMO DE TUCUMAN",""
OTROS,N030408,"MALACATE",""
OTROS,N081229,"ADAPTADOR UNIVERSAL",""
OTROS,N030409,"ESCOBA P/CESPED",""
OTROS,N0450423,"AISLADOR ",""
OTROS,N030054,"BOBINA LANZA.FC-SC/APC x1000mt",""
OTROS,N081230,"SEPARADOR DE CARTULINA P/BIBLIORATOS (x5unds)",""
OTROS,N081231,"ADAPTADOR KVM - 4 PUERTOS",""
OTROS,N030411,"KIT DESTORNILLADORES",""
OTROS,N030412,"KIT DE PINZAS",""
OTROS,N081232,"REMACHES",""
OTROS,N081235,"BORNERA",""
OTROS,N081236,"FUSIBLE",""
OTROS,RETIRO,"COSTO DE RETIRO DE INSTALACION",""